season,week,source_game_id,team,opponent,player_id,player_name,position,offense_snaps,offense_pct,defense_snaps,defense_pct,special_teams_snaps,special_teams_pct,prior_2025_teams,prior_2025_games,prior_2025_offense_snaps,prior_2025_defense_snaps,prior_2025_avg_offense_pct,prior_2025_avg_defense_pct,same_team_in_2025,changed_team_since_2025,source_updated_at
2026,1,2026_01_ARI_LAC,ARI,LAC,JohnWi02,Will Johnson,CB,0,0,53,0.96,1,0.04,ARI,12,0,722,0.000,0.873,t,f,2026-09-17 03:26:47.306+00
2026,1,2026_01_ARI_LAC,ARI,LAC,BurkDe01,Denzel Burke,CB,0,0,44,0.8,8,0.33,ARI,17,0,679,0.000,0.581,t,f,2026-09-17 03:26:47.306+00
2026,1,2026_01_ARI_LAC,ARI,LAC,MeltMa00,Max Melton,CB,0,0,24,0.44,7,0.29,ARI,10,0,423,0.000,0.666,t,f,2026-09-17 03:26:47.306+00
2026,1,2026_01_ARI_LAC,ARI,LAC,KingKa00,Kalen King,CB,0,0,5,0.09,9,0.38,CAR,1,0,0,0.000,0.000,f,t,2026-09-17 03:26:47.306+00
2026,1,2026_01_ARI_LAC,ARI,LAC,ClarKe02,Kei'Trel Clark,CB,0,0,9,0.16,4,0.17,ARI,14,0,201,0.000,0.218,t,f,2026-09-17 03:26:47.306+00
2026,1,2026_01_ARI_LAC,ARI,LAC,NoleWa00,Walter Nolen,DL,0,0,36,0.65,0,0,ARI,6,0,169,0.000,0.432,t,f,2026-09-17 03:26:47.306+00
2026,1,2026_01_ARI_LAC,ARI,LAC,LopeRo00,Roy Lopez,DL,0,0,26,0.47,0,0,DET,17,0,425,0.000,0.390,f,t,2026-09-17 03:26:47.306+00
2026,1,2026_01_ARI_LAC,ARI,LAC,RobiDa01,Darius Robinson,DL,0,0,19,0.35,2,0.08,ARI,15,0,507,0.000,0.495,t,f,2026-09-17 03:26:47.306+00
2026,1,2026_01_ARI_LAC,ARI,LAC,CollLJ00,L.J. Collier,DL,0,0,19,0.35,2,0.08,ARI,4,0,98,0.000,0.323,t,f,2026-09-17 03:26:47.306+00
2026,1,2026_01_ARI_LAC,ARI,LAC,StilDa01,Dante Stills,DT,0,0,32,0.58,2,0.08,ARI,17,0,548,0.000,0.479,t,f,2026-09-17 03:26:47.306+00
2026,1,2026_01_ARI_LAC,ARI,LAC,RylaCh00,Chad Ryland,K,0,0,0,0,13,0.54,ARI,17,0,0,0.000,0.000,t,f,2026-09-17 03:26:47.306+00
2026,1,2026_01_ARI_LAC,ARI,LAC,WilsMa03,Mack Wilson,LB,0,0,55,1,0,0,ARI,8,0,521,0.000,0.965,t,f,2026-09-17 03:26:47.306+00
2026,1,2026_01_ARI_LAC,ARI,LAC,GibbJa00,Jack Gibbens,LB,0,0,54,0.98,11,0.46,NE,21,0,604,0.000,0.471,f,t,2026-09-17 03:26:47.306+00
2026,1,2026_01_ARI_LAC,ARI,LAC,SweaJo00,Josh Sweat,LB,0,0,29,0.53,0,0,ARI,17,0,540,0.000,0.481,t,f,2026-09-17 03:26:47.306+00
2026,1,2026_01_ARI_LAC,ARI,LAC,BrowBa01,Baron Browning,LB,0,0,27,0.49,2,0.08,ARI,15,0,519,0.000,0.507,t,f,2026-09-17 03:26:47.306+00
2026,1,2026_01_ARI_LAC,ARI,LAC,CollZa00,Zaven Collins,LB,0,0,27,0.49,5,0.21,ARI,17,0,543,0.000,0.473,t,f,2026-09-17 03:26:47.306+00
2026,1,2026_01_ARI_LAC,ARI,LAC,BurcJo00,Jordan Burch,LB,0,0,21,0.38,14,0.58,ARI,17,0,504,0.000,0.436,t,f,2026-09-17 03:26:47.306+00
2026,1,2026_01_ARI_LAC,ARI,LAC,SimoCo01,Cody Simon,LB,0,0,0,0,17,0.71,ARI,16,0,564,0.000,0.524,t,f,2026-09-17 03:26:47.306+00
2026,1,2026_01_ARI_LAC,ARI,LAC,SharKa00,Karson Sharar,LB,0,0,0,0,17,0.71,,0,0,0,,,f,f,2026-09-17 03:26:47.306+00
2026,1,2026_01_ARI_LAC,ARI,LAC,LeotEk00,Eku Leota,LB,0,0,8,0.15,12,0.5,NO,3,0,0,0.000,0.000,f,t,2026-09-17 03:26:47.306+00
2026,1,2026_01_ARI_LAC,ARI,LAC,KreiCa00,Casey Kreiter,LS,0,0,0,0,10,0.42,NYG,17,0,0,0.000,0.000,f,t,2026-09-17 03:26:47.306+00
2026,1,2026_01_ARI_LAC,ARI,LAC,WilkEl00,Elijah Wilkinson,OL,75,1,0,0,7,0.29,ATL,17,1096,0,1.000,0.000,f,t,2026-09-17 03:26:47.306+00
2026,1,2026_01_ARI_LAC,ARI,LAC,FrohHj00,Hjalte Froholdt,OL,75,1,0,0,0,0,ARI,17,1121,0,0.986,0.000,t,f,2026-09-17 03:26:47.306+00
2026,1,2026_01_ARI_LAC,ARI,LAC,GainJo00,Jon Gaines,OL,75,1,0,0,7,0.29,ARI,17,339,0,0.326,0.000,t,f,2026-09-17 03:26:47.306+00
2026,1,2026_01_ARI_LAC,ARI,LAC,JohnPa03,Paris Johnson,OL,75,1,0,0,7,0.29,ARI,12,807,0,0.963,0.000,t,f,2026-09-17 03:26:47.306+00
2026,1,2026_01_ARI_LAC,ARI,LAC,SeumIs00,Isaac Seumalo,OL,72,0.96,0,0,7,0.29,PIT,15,826,0,0.923,0.000,f,t,2026-09-17 03:26:47.306+00
2026,1,2026_01_ARI_LAC,ARI,LAC,ConnHa00,Hayden Conner,OL,3,0.04,0,0,7,0.29,ARI,5,29,0,0.102,0.000,t,f,2026-09-17 03:26:47.306+00
2026,1,2026_01_ARI_LAC,ARI,LAC,WillJa16,Jayden Williams,OL,7,0.09,0,0,7,0.29,,0,0,0,,,f,f,2026-09-17 03:26:47.306+00
2026,1,2026_01_ARI_LAC,ARI,LAC,FryaJo00,Josh Fryar,OL,0,0,0,0,7,0.29,ARI,12,289,0,0.393,0.000,t,f,2026-09-17 03:26:47.306+00
2026,1,2026_01_ARI_LAC,ARI,LAC,GillBl00,Blake Gillikin,P,0,0,0,0,10,0.42,ARI,5,0,0,0.000,0.000,t,f,2026-09-17 03:26:47.306+00
2026,1,2026_01_ARI_LAC,ARI,LAC,BrisJa00,Jacoby Brissett,QB,75,1,0,0,0,0,ARI,14,812,0,0.857,0.000,t,f,2026-09-17 03:26:47.306+00
2026,1,2026_01_ARI_LAC,ARI,LAC,AllgTy00,Tyler Allgeier,RB,44,0.59,0,0,0,0,ATL,17,328,0,0.302,0.000,f,t,2026-09-17 03:26:47.306+00
2026,1,2026_01_ARI_LAC,ARI,LAC,LoveJe00,Jeremiyah Love,RB,32,0.43,0,0,0,0,,0,0,0,,,f,f,2026-09-17 03:26:47.306+00
2026,1,2026_01_ARI_LAC,ARI,LAC,KnigZo00,Zonovan Knight,RB,3,0.04,0,0,3,0.12,ARI,12,283,0,0.331,0.000,t,f,2026-09-17 03:26:47.306+00
2026,1,2026_01_ARI_LAC,ARI,LAC,WingAn01,Andrew Wingard,S,0,0,55,1,3,0.12,JAX,17,0,999,0.000,0.912,f,t,2026-09-17 03:26:47.306+00
2026,1,2026_01_ARI_LAC,ARI,LAC,BakeBu00,Budda Baker,S,0,0,55,1,0,0,ARI,16,0,1042,0.000,0.976,t,f,2026-09-17 03:26:47.306+00
2026,1,2026_01_ARI_LAC,ARI,LAC,CrawKi00,Kitan Crawford,S,0,0,7,0.13,14,0.58,ARI,15,0,142,0.000,0.142,t,f,2026-09-17 03:26:47.306+00
2026,1,2026_01_ARI_LAC,ARI,LAC,WillWy00,Wydett Williams,S,0,0,0,0,5,0.21,,0,0,0,,,f,f,2026-09-17 03:26:47.306+00
2026,1,2026_01_ARI_LAC,ARI,LAC,McBrTr01,Trey McBride,TE,60,0.8,0,0,0,0,ARI,17,1033,0,0.914,0.000,t,f,2026-09-17 03:26:47.306+00
2026,1,2026_01_ARI_LAC,ARI,LAC,LongHu00,Hunter Long,TE,26,0.35,0,0,13,0.54,JAX,9,258,0,0.399,0.000,f,t,2026-09-17 03:26:47.306+00
2026,1,2026_01_ARI_LAC,ARI,LAC,HiggEl00,Elijah Higgins,TE,20,0.27,0,0,6,0.25,ARI,17,475,0,0.425,0.000,t,f,2026-09-17 03:26:47.306+00
2026,1,2026_01_ARI_LAC,ARI,LAC,WilsMi02,Michael Wilson,WR,64,0.85,0,0,0,0,ARI,17,923,0,0.814,0.000,t,f,2026-09-17 03:26:47.306+00
2026,1,2026_01_ARI_LAC,ARI,LAC,HarrMa09,Marvin Harrison Jr.,WR,59,0.79,0,0,0,0,ARI,12,566,0,0.713,0.000,t,f,2026-09-17 03:26:47.306+00
2026,1,2026_01_ARI_LAC,ARI,LAC,BourKe00,Kendrick Bourne,WR,50,0.67,0,0,0,0,SF,18,640,0,0.547,0.000,f,t,2026-09-17 03:26:47.306+00
2026,1,2026_01_ARI_LAC,ARI,LAC,FehoSi00,Simi Fehoko,WR,6,0.08,0,0,15,0.62,ARI,8,37,0,0.063,0.000,t,f,2026-09-17 03:26:47.306+00
2026,1,2026_01_ARI_LAC,ARI,LAC,DuveDe00,Devin Duvernay,WR,0,0,0,0,6,0.25,CHI,19,41,0,0.032,0.000,f,t,2026-09-17 03:26:47.306+00
2026,1,2026_01_ARI_LAC,ARI,LAC,BrooJa03,Jalen Brooks,WR,4,0.05,0,0,3,0.12,ARI|DAL,6,111,0,0.300,0.000,t,f,2026-09-17 03:26:47.306+00
2026,1,2026_01_ARI_LAC,LAC,ARI,StilTa00,Tarheeb Still,CB,0,0,66,0.88,10,0.42,LAC,16,0,831,0.000,0.845,t,f,2026-09-17 03:26:47.306+00
2026,1,2026_01_ARI_LAC,LAC,ARI,HartCa00,Cam Hart,CB,0,0,63,0.84,10,0.42,LAC,17,0,677,0.000,0.657,t,f,2026-09-17 03:26:47.306+00
2026,1,2026_01_ARI_LAC,LAC,ARI,JackDo02,Donte Jackson,CB,0,0,51,0.68,1,0.04,LAC,18,0,623,0.000,0.580,t,f,2026-09-17 03:26:47.306+00
2026,1,2026_01_ARI_LAC,LAC,ARI,ShelRo00,Rodney Shelley,CB,0,0,1,0.01,13,0.54,,0,0,0,,,f,f,2026-09-17 03:26:47.306+00
2026,1,2026_01_ARI_LAC,LAC,ARI,MoldEl00,Elijah Molden,DB,0,0,53,0.71,5,0.21,LAC,13,0,560,0.000,0.738,t,f,2026-09-17 03:26:47.306+00
2026,1,2026_01_ARI_LAC,LAC,ARI,EboiJu00,Justin Eboigbe,DL,0,0,45,0.6,10,0.42,LAC,18,0,427,0.000,0.406,t,f,2026-09-17 03:26:47.306+00
2026,1,2026_01_ARI_LAC,LAC,ARI,TomlDa00,Dalvin Tomlinson,DL,0,0,40,0.53,8,0.33,ARI,17,0,555,0.000,0.485,f,t,2026-09-17 03:26:47.306+00
2026,1,2026_01_ARI_LAC,LAC,ARI,CaldJa00,Jamaree Caldwell,DL,0,0,40,0.53,8,0.33,LAC,18,0,524,0.000,0.486,t,f,2026-09-17 03:26:47.306+00
2026,1,2026_01_ARI_LAC,LAC,ARI,TartTe00,Teair Tart,DL,0,0,31,0.41,0,0,LAC,18,0,524,0.000,0.482,t,f,2026-09-17 03:26:47.306+00
2026,1,2026_01_ARI_LAC,LAC,ARI,BarrNi00,Nick Barrett,DL,0,0,8,0.11,0,0,,0,0,0,,,f,f,2026-09-17 03:26:47.306+00
2026,1,2026_01_ARI_LAC,LAC,ARI,IngoAl01,Alec Ingold,FB,21,0.38,0,0,9,0.38,MIA,17,362,0,0.369,0.000,f,t,2026-09-17 03:26:47.306+00
2026,1,2026_01_ARI_LAC,LAC,ARI,StraCo01,Cole Strange,G,55,1,0,0,2,0.08,MIA,14,806,0,0.989,0.000,f,t,2026-09-17 03:26:47.306+00
2026,1,2026_01_ARI_LAC,LAC,ARI,AwosKa00,Kayode Awosika,G,35,0.64,0,0,2,0.08,DET,13,286,0,0.340,0.000,f,t,2026-09-17 03:26:47.306+00
2026,1,2026_01_ARI_LAC,LAC,ARI,DickCa00,Cameron Dicker,K,0,0,0,0,5,0.21,LAC,18,0,0,0.000,0.000,t,f,2026-09-17 03:26:47.306+00
2026,1,2026_01_ARI_LAC,LAC,ARI,HenlDa00,Daiyan Henley,LB,0,0,67,0.89,0,0,LAC,17,0,991,0.000,0.969,t,f,2026-09-17 03:26:47.306+00
2026,1,2026_01_ARI_LAC,LAC,ARI,TuipTu00,Tuli Tuipulotu,LB,0,0,54,0.72,7,0.29,LAC,17,0,789,0.000,0.768,t,f,2026-09-17 03:26:47.306+00
2026,1,2026_01_ARI_LAC,LAC,ARI,MackKh00,Khalil Mack,LB,0,0,51,0.68,0,0,LAC,13,0,478,0.000,0.619,t,f,2026-09-17 03:26:47.306+00
2026,1,2026_01_ARI_LAC,LAC,ARI,PhilDe00,Del'Shawn Phillips,LB,0,0,41,0.55,7,0.29,LAC,18,0,96,0.000,0.088,t,f,2026-09-17 03:26:47.306+00
2026,1,2026_01_ARI_LAC,LAC,ARI,MesiAk01,Akheem Mesidor,LB,0,0,35,0.47,13,0.54,,0,0,0,,,f,f,2026-09-17 03:26:47.306+00
2026,1,2026_01_ARI_LAC,LAC,ARI,DuprAl00,Bud Dupree,LB,0,0,23,0.31,11,0.46,LAC,16,0,390,0.000,0.404,t,f,2026-09-17 03:26:47.306+00
2026,1,2026_01_ARI_LAC,LAC,ARI,DyexTr00,Troy Dye,LB,0,0,15,0.2,22,0.92,LAC,17,0,478,0.000,0.458,t,f,2026-09-17 03:26:47.306+00
2026,1,2026_01_ARI_LAC,LAC,ARI,WaxxMa00,Marlowe Wax,LB,0,0,0,0,14,0.58,LAC,18,0,39,0.000,0.037,t,f,2026-09-17 03:26:47.306+00
2026,1,2026_01_ARI_LAC,LAC,ARI,HarrJo02,Josh Harris,LS,0,0,0,0,5,0.21,LAC,9,0,0,0.000,0.000,t,f,2026-09-17 03:26:47.306+00
2026,1,2026_01_ARI_LAC,LAC,ARI,SlauJa02,Jake Slaughter,OL,55,1,0,0,2,0.08,,0,0,0,,,f,f,2026-09-17 03:26:47.306+00
2026,1,2026_01_ARI_LAC,LAC,ARI,ScotJK00,JK Scott,P,0,0,0,0,5,0.21,LAC,18,0,0,0.000,0.000,t,f,2026-09-17 03:26:47.306+00
2026,1,2026_01_ARI_LAC,LAC,ARI,HerbJu00,Justin Herbert,QB,55,1,0,0,0,0,LAC,17,1103,0,0.970,0.000,t,f,2026-09-17 03:26:47.306+00
2026,1,2026_01_ARI_LAC,LAC,ARI,HampOm00,Omarion Hampton,RB,32,0.58,0,0,0,0,LAC,10,386,0,0.574,0.000,t,f,2026-09-17 03:26:47.306+00
2026,1,2026_01_ARI_LAC,LAC,ARI,MitcKe01,Keaton Mitchell,RB,17,0.31,0,0,5,0.21,BAL,13,132,0,0.175,0.000,f,t,2026-09-17 03:26:47.306+00
2026,1,2026_01_ARI_LAC,LAC,ARI,VidaKi00,Kimani Vidal,RB,4,0.07,0,0,1,0.04,LAC,14,537,0,0.572,0.000,t,f,2026-09-17 03:26:47.306+00
2026,1,2026_01_ARI_LAC,LAC,ARI,JameDe00,Derwin James,S,0,0,75,1,0,0,LAC,17,0,957,0.000,0.928,t,f,2026-09-17 03:26:47.306+00
2026,1,2026_01_ARI_LAC,LAC,ARI,JeffTo00,Tony Jefferson,S,0,0,39,0.52,4,0.17,LAC,14,0,531,0.000,0.617,t,f,2026-09-17 03:26:47.306+00
2026,1,2026_01_ARI_LAC,LAC,ARI,SmitGe01,Genesis Smith,S,0,0,27,0.36,19,0.79,,0,0,0,,,f,f,2026-09-17 03:26:47.306+00
2026,1,2026_01_ARI_LAC,LAC,ARI,WillKe07,Kendall Williamson,S,0,0,0,0,16,0.67,LAC,17,0,27,0.000,0.027,t,f,2026-09-17 03:26:47.306+00
2026,1,2026_01_ARI_LAC,LAC,ARI,AltxJo01,Joe Alt,T,55,1,0,0,2,0.08,LAC,6,313,0,0.750,0.000,t,f,2026-09-17 03:26:47.306+00
2026,1,2026_01_ARI_LAC,LAC,ARI,SlatRa00,Rashawn Slater,T,55,1,0,0,2,0.08,,0,0,0,,,f,f,2026-09-17 03:26:47.306+00
2026,1,2026_01_ARI_LAC,LAC,ARI,PipkTr00,Trey Pipkins,T,20,0.36,0,0,2,0.08,LAC,14,666,0,0.727,0.000,t,f,2026-09-17 03:26:47.306+00
2026,1,2026_01_ARI_LAC,LAC,ARI,BurkTr01,Travis Burke,T,0,0,0,0,2,0.08,,0,0,0,,,f,f,2026-09-17 03:26:47.306+00
2026,1,2026_01_ARI_LAC,LAC,ARI,KolaCh00,Charlie Kolar,TE,30,0.55,0,0,13,0.54,BAL,17,402,0,0.404,0.000,f,t,2026-09-17 03:26:47.306+00
2026,1,2026_01_ARI_LAC,LAC,ARI,NjokDa00,David Njoku,TE,30,0.55,0,0,0,0,CLE,12,514,0,0.639,0.000,f,t,2026-09-17 03:26:47.306+00
2026,1,2026_01_ARI_LAC,LAC,ARI,GadsOr01,Oronde Gadsden II,TE,10,0.18,0,0,8,0.33,LAC,16,654,0,0.615,0.000,t,f,2026-09-17 03:26:47.306+00
2026,1,2026_01_ARI_LAC,LAC,ARI,JohnQu02,Quentin Johnston,WR,43,0.78,0,0,0,0,LAC,15,769,0,0.769,0.000,t,f,2026-09-17 03:26:47.306+00
2026,1,2026_01_ARI_LAC,LAC,ARI,HarrTr03,Tre Harris,WR,41,0.75,0,0,9,0.38,LAC,18,589,0,0.490,0.000,t,f,2026-09-17 03:26:47.306+00
2026,1,2026_01_ARI_LAC,LAC,ARI,McCoLa00,Ladd McConkey,WR,27,0.49,0,0,0,0,LAC,17,890,0,0.781,0.000,t,f,2026-09-17 03:26:47.306+00
2026,1,2026_01_ARI_LAC,LAC,ARI,ThomBr07,Brenen Thompson,WR,10,0.18,0,0,0,0,,0,0,0,,,f,f,2026-09-17 03:26:47.306+00
2026,1,2026_01_ARI_LAC,LAC,ARI,DaviDe02,Derius Davis,WR,10,0.18,0,0,9,0.38,LAC,12,88,0,0.108,0.000,t,f,2026-09-17 03:26:47.306+00
2026,1,2026_01_ARI_LAC,LAC,ARI,LambKe01,KeAndre Lambert-Smith,WR,0,0,0,0,2,0.08,LAC,10,123,0,0.188,0.000,t,f,2026-09-17 03:26:47.306+00
2026,1,2026_01_ATL_PIT,ATL,PIT,LeviCo00,Corey Levin,C,0,0,0,0,5,0.17,TEN,17,195,1,0.185,0.001,f,t,2026-09-17 03:26:47.306+00
2026,1,2026_01_ATL_PIT,ATL,PIT,HughMi00,Mike Hughes,CB,0,0,67,1,0,0,ATL,12,0,690,0.000,0.920,t,f,2026-09-17 03:26:47.306+00
2026,1,2026_01_ATL_PIT,ATL,PIT,TerrAJ00,AJ Terrell,CB,0,0,62,0.93,0,0,ATL,15,0,958,0.000,0.961,t,f,2026-09-17 03:26:47.306+00
2026,1,2026_01_ATL_PIT,ATL,PIT,FordMi01,Mike Ford,CB,0,0,0,0,25,0.83,ATL,17,0,0,0.000,0.000,t,f,2026-09-17 03:26:47.306+00
2026,1,2026_01_ATL_PIT,ATL,PIT,TerrAv00,Avieon Terrell,CB,0,0,23,0.34,0,0,,0,0,0,,,f,f,2026-09-17 03:26:47.306+00
2026,1,2026_01_ATL_PIT,ATL,PIT,HendCJ00,C.J. Henderson,CB,0,0,5,0.07,10,0.33,ATL,4,0,163,0.000,0.638,t,f,2026-09-17 03:26:47.306+00
2026,1,2026_01_ATL_PIT,ATL,PIT,BrowSy00,Sydney Brown,DB,0,0,29,0.43,20,0.67,PHI,18,0,250,0.000,0.193,f,t,2026-09-17 03:26:47.306+00
2026,1,2026_01_ATL_PIT,ATL,PIT,EbukSa00,Samson Ebukam,DE,0,0,39,0.58,0,0,IND,14,0,415,0.000,0.437,f,t,2026-09-17 03:26:47.306+00
2026,1,2026_01_ATL_PIT,ATL,PIT,ThomCa03,Cameron Thomas,DE,0,0,34,0.51,0,0,CLE,17,0,310,0.000,0.288,f,t,2026-09-17 03:26:47.306+00
2026,1,2026_01_ATL_PIT,ATL,PIT,SmitZa00,Za'Darius Smith,DE,0,0,16,0.24,0,0,PHI,5,0,131,0.000,0.380,f,t,2026-09-17 03:26:47.306+00
2026,1,2026_01_ATL_PIT,ATL,PIT,TricBr00,Bralen Trice,DE,0,0,14,0.21,4,0.13,,0,0,0,,,f,f,2026-09-17 03:26:47.306+00
2026,1,2026_01_ATL_PIT,ATL,PIT,DorlBr00,Brandon Dorlus,DL,0,0,41,0.61,6,0.2,ATL,15,0,465,0.000,0.475,t,f,2026-09-17 03:26:47.306+00
2026,1,2026_01_ATL_PIT,ATL,PIT,SmitMa07,Maason Smith,DL,0,0,38,0.57,7,0.23,JAX,13,0,311,0.000,0.365,f,t,2026-09-17 03:26:47.306+00
2026,1,2026_01_ATL_PIT,ATL,PIT,LondLa00,LaCale London,DL,0,0,34,0.51,7,0.23,ATL,13,0,270,0.000,0.327,t,f,2026-09-17 03:26:47.306+00
2026,1,2026_01_ATL_PIT,ATL,PIT,DextGe00,Gervon Dexter,DT,0,0,39,0.58,7,0.23,CHI,19,0,774,0.000,0.634,f,t,2026-09-17 03:26:47.306+00
2026,1,2026_01_ATL_PIT,ATL,PIT,HandDa00,Da'Shawn Hand,DT,0,0,7,0.1,0,0,LAC,14,0,491,0.000,0.561,f,t,2026-09-17 03:26:47.306+00
2026,1,2026_01_ATL_PIT,ATL,PIT,LindCh00,Chris Lindstrom,G,51,0.85,0,0,4,0.13,ATL,17,1086,0,0.989,0.000,t,f,2026-09-17 03:26:47.306+00
2026,1,2026_01_ATL_PIT,ATL,PIT,FolkNi20,Nick Folk,K,0,0,0,0,8,0.27,NYJ,16,0,0,0.000,0.000,f,t,2026-09-17 03:26:47.306+00
2026,1,2026_01_ATL_PIT,ATL,PIT,DeabDi00,Divine Deablo,LB,0,0,67,1,12,0.4,ATL,13,0,750,0.000,0.931,t,f,2026-09-17 03:26:47.306+00
2026,1,2026_01_ATL_PIT,ATL,PIT,DaniKe00,Kendal Daniels,LB,0,0,45,0.67,14,0.47,,0,0,0,,,f,f,2026-09-17 03:26:47.306+00
2026,1,2026_01_ATL_PIT,ATL,PIT,WoodJo02,Josh Woods,LB,0,0,0,0,25,0.83,ATL,12,0,17,0.000,0.019,t,f,2026-09-17 03:26:47.306+00
2026,1,2026_01_ATL_PIT,ATL,PIT,PerkHa01,Harold Perkins,LB,0,0,23,0.34,15,0.5,,0,0,0,,,f,f,2026-09-17 03:26:47.306+00
2026,1,2026_01_ATL_PIT,ATL,PIT,IveyJa00,Jared Ivey,LB,0,0,18,0.27,0,0,SEA,2,0,15,0.000,0.100,f,t,2026-09-17 03:26:47.306+00
2026,1,2026_01_ATL_PIT,ATL,PIT,AbduYa00,Yasir Abdullah,LB,0,0,2,0.03,18,0.6,JAX,11,0,2,0.000,0.003,f,t,2026-09-17 03:26:47.306+00
2026,1,2026_01_ATL_PIT,ATL,PIT,McCuLi00,Liam McCullough,LS,0,0,0,0,11,0.37,ATL,17,0,0,0.000,0.000,t,f,2026-09-17 03:26:47.306+00
2026,1,2026_01_ATL_PIT,ATL,PIT,BergMa00,Matthew Bergeron,OL,60,1,0,0,5,0.17,ATL,15,912,0,0.934,0.000,t,f,2026-09-17 03:26:47.306+00
2026,1,2026_01_ATL_PIT,ATL,PIT,NeuzRy00,Ryan Neuzil,OL,60,1,0,0,1,0.03,ATL,17,1096,0,1.000,0.000,t,f,2026-09-17 03:26:47.306+00
2026,1,2026_01_ATL_PIT,ATL,PIT,HintKy00,Kyle Hinton,OL,9,0.15,0,0,5,0.17,ATL,17,185,0,0.177,0.000,t,f,2026-09-17 03:26:47.306+00
2026,1,2026_01_ATL_PIT,ATL,PIT,JerrMi00,Michael Jerrell,OL,2,0.03,0,0,4,0.13,ATL,1,32,0,0.460,0.000,t,f,2026-09-17 03:26:47.306+00
2026,1,2026_01_ATL_PIT,ATL,PIT,BailJa00,Jake Bailey,P,0,0,0,0,12,0.4,MIA,17,0,0,0.000,0.000,f,t,2026-09-17 03:26:47.306+00
2026,1,2026_01_ATL_PIT,ATL,PIT,RushCo00,Cooper Rush,QB,60,1,0,0,0,0,BAL,4,115,0,0.505,0.000,f,t,2026-09-17 03:26:47.306+00
2026,1,2026_01_ATL_PIT,ATL,PIT,RobiBi01,Bijan Robinson,RB,46,0.77,0,0,0,0,ATL,17,860,0,0.782,0.000,t,f,2026-09-17 03:26:47.306+00
2026,1,2026_01_ATL_PIT,ATL,PIT,RobiBr01,Brian Robinson Jr.,RB,15,0.25,0,0,3,0.1,SF,19,212,0,0.169,0.000,f,t,2026-09-17 03:26:47.306+00
2026,1,2026_01_ATL_PIT,ATL,PIT,BateJe00,Jessie Bates III,S,0,0,67,1,0,0,ATL,17,0,1092,0.000,0.989,t,f,2026-09-17 03:26:47.306+00
2026,1,2026_01_ATL_PIT,ATL,PIT,WattXa00,Xavier Watts,S,0,0,67,1,4,0.13,ATL,17,0,1094,0.000,0.991,t,f,2026-09-17 03:26:47.306+00
2026,1,2026_01_ATL_PIT,ATL,PIT,HellDe00,DeMarcco Hellams,S,0,0,0,0,25,0.83,ATL,11,0,13,0.000,0.018,t,f,2026-09-17 03:26:47.306+00
2026,1,2026_01_ATL_PIT,ATL,PIT,MattJa00,Jake Matthews,T,60,1,0,0,5,0.17,ATL,17,1062,0,0.971,0.000,t,f,2026-09-17 03:26:47.306+00
2026,1,2026_01_ATL_PIT,ATL,PIT,TaylJa02,Jawaan Taylor,T,60,1,0,0,1,0.03,KC,12,760,0,0.906,0.000,f,t,2026-09-17 03:26:47.306+00
2026,1,2026_01_ATL_PIT,ATL,PIT,PittKy00,Kyle Pitts,TE,38,0.63,0,0,0,0,ATL,17,961,0,0.880,0.000,t,f,2026-09-17 03:26:47.306+00
2026,1,2026_01_ATL_PIT,ATL,PIT,WoerCh00,Charlie Woerner,TE,37,0.62,0,0,16,0.53,ATL,17,565,0,0.508,0.000,t,f,2026-09-17 03:26:47.306+00
2026,1,2026_01_ATL_PIT,ATL,PIT,MuseNi00,Nick Muse,TE,5,0.08,0,0,23,0.77,,0,0,0,,,f,f,2026-09-17 03:26:47.306+00
2026,1,2026_01_ATL_PIT,ATL,PIT,HoopAu00,Austin Hooper,TE,14,0.23,0,0,5,0.17,NE,20,629,0,0.489,0.000,f,t,2026-09-17 03:26:47.306+00
2026,1,2026_01_ATL_PIT,ATL,PIT,LondDr00,Drake London,WR,59,0.98,0,0,0,0,ATL,12,709,0,0.907,0.000,t,f,2026-09-17 03:26:47.306+00
2026,1,2026_01_ATL_PIT,ATL,PIT,DotsJa00,Jahan Dotson,WR,38,0.63,0,0,0,0,PHI,18,637,0,0.566,0.000,f,t,2026-09-17 03:26:47.306+00
2026,1,2026_01_ATL_PIT,ATL,PIT,ZaccOl01,Olamide Zaccheaus,WR,18,0.3,0,0,5,0.17,CHI,18,617,0,0.503,0.000,f,t,2026-09-17 03:26:47.306+00
2026,1,2026_01_ATL_PIT,ATL,PIT,BranZa00,Zachariah Branch,WR,18,0.3,0,0,6,0.2,,0,0,0,,,f,f,2026-09-17 03:26:47.306+00
2026,1,2026_01_ATL_PIT,ATL,PIT,BlaiCh00,Chris Blair,WR,10,0.17,0,0,12,0.4,ATL,3,12,0,0.053,0.000,t,f,2026-09-17 03:26:47.306+00
2026,1,2026_01_ATL_PIT,PIT,ATL,FrazZa00,Zach Frazier,C,67,1,0,0,0,0,PIT,18,1033,0,0.942,0.000,t,f,2026-09-17 03:26:47.306+00
2026,1,2026_01_ATL_PIT,PIT,ATL,McCoRy00,Ryan McCollum,C,0,0,0,0,6,0.2,PIT,18,60,0,0.063,0.000,t,f,2026-09-17 03:26:47.306+00
2026,1,2026_01_ATL_PIT,PIT,ATL,SamuAs00,Asante Samuel Jr.,CB,0,0,60,1,0,0,PIT,7,0,249,0.000,0.590,t,f,2026-09-17 03:26:47.306+00
2026,1,2026_01_ATL_PIT,PIT,ATL,RamsJa00,Jalen Ramsey,CB,3,0.04,60,1,0,0,PIT,18,10,1172,0.011,0.954,t,f,2026-09-17 03:26:47.306+00
2026,1,2026_01_ATL_PIT,PIT,ATL,DeanJa00,Jamel Dean,CB,0,0,59,0.98,0,0,TB,14,0,660,0.000,0.741,f,t,2026-09-17 03:26:47.306+00
2026,1,2026_01_ATL_PIT,PIT,ATL,EchoBr00,Brandin Echols,CB,0,0,0,0,20,0.67,PIT,17,0,566,0.000,0.471,t,f,2026-09-17 03:26:47.306+00
2026,1,2026_01_ATL_PIT,PIT,ATL,EverDa00,Daylen Everette,CB,0,0,1,0.02,16,0.53,,0,0,0,,,f,f,2026-09-17 03:26:47.306+00
2026,1,2026_01_ATL_PIT,PIT,ATL,SlauDo00,Doneiko Slaughter,DB,0,0,0,0,5,0.17,,0,0,0,,,f,f,2026-09-17 03:26:47.306+00
2026,1,2026_01_ATL_PIT,PIT,ATL,BlacYa00,Yahya Black,DL,0,0,18,0.3,13,0.43,PIT,18,0,445,0.000,0.363,t,f,2026-09-17 03:26:47.306+00
2026,1,2026_01_ATL_PIT,PIT,ATL,BentKe00,Keeanu Benton,DT,0,0,35,0.58,1,0.03,PIT,18,0,781,0.000,0.639,t,f,2026-09-17 03:26:47.306+00
2026,1,2026_01_ATL_PIT,PIT,ATL,HeywCa01,Cameron Heyward,DT,0,0,32,0.53,11,0.37,PIT,18,3,874,0.002,0.712,t,f,2026-09-17 03:26:47.306+00
2026,1,2026_01_ATL_PIT,PIT,ATL,HarmDe01,Derrick Harmon,DT,0,0,24,0.4,12,0.4,PIT,13,0,490,0.000,0.553,t,f,2026-09-17 03:26:47.306+00
2026,1,2026_01_ATL_PIT,PIT,ATL,NowaRi00,Riley Nowakowski,FB,8,0.12,0,0,17,0.57,,0,0,0,,,f,f,2026-09-17 03:26:47.306+00
2026,1,2026_01_ATL_PIT,PIT,ATL,McCoMa00,Mason McCormick,G,67,1,0,0,6,0.2,PIT,18,1088,0,1.000,0.000,t,f,2026-09-17 03:26:47.306+00
2026,1,2026_01_ATL_PIT,PIT,ATL,HoffBr00,Brock Hoffman,G,0,0,0,0,6,0.2,DAL,17,474,0,0.426,0.000,f,t,2026-09-17 03:26:47.306+00
2026,1,2026_01_ATL_PIT,PIT,ATL,BoswCh00,Chris Boswell,K,0,0,0,0,11,0.37,PIT,18,1,0,0.001,0.000,t,f,2026-09-17 03:26:47.306+00
2026,1,2026_01_ATL_PIT,PIT,ATL,QueePa00,Patrick Queen,LB,0,0,60,1,0,0,PIT,18,0,1180,0.000,0.961,t,f,2026-09-17 03:26:47.306+00
2026,1,2026_01_ATL_PIT,PIT,ATL,WilsPa00,Payton Wilson,LB,0,0,57,0.95,5,0.17,PIT,18,0,761,0.000,0.609,t,f,2026-09-17 03:26:47.306+00
2026,1,2026_01_ATL_PIT,PIT,ATL,HighAl02,Alex Highsmith,LB,0,0,41,0.68,0,0,PIT,14,0,685,0.000,0.730,t,f,2026-09-17 03:26:47.306+00
2026,1,2026_01_ATL_PIT,PIT,ATL,HerbNi00,Nick Herbig,LB,0,0,39,0.65,11,0.37,PIT,16,0,636,0.000,0.581,t,f,2026-09-17 03:26:47.306+00
2026,1,2026_01_ATL_PIT,PIT,ATL,WattT.00,T.J. Watt,LB,0,0,38,0.63,0,0,PIT,15,0,864,0.000,0.821,t,f,2026-09-17 03:26:47.306+00
2026,1,2026_01_ATL_PIT,PIT,ATL,BrueCa00,Carson Bruener,LB,0,0,0,0,24,0.8,PIT,18,0,1,0.000,0.001,t,f,2026-09-17 03:26:47.306+00
2026,1,2026_01_ATL_PIT,PIT,ATL,SawyJa00,Jack Sawyer,LB,0,0,23,0.38,24,0.8,PIT,18,0,305,0.000,0.251,t,f,2026-09-17 03:26:47.306+00
2026,1,2026_01_ATL_PIT,PIT,ATL,HolcCo00,Cole Holcomb,LB,0,0,3,0.05,17,0.57,PIT,15,0,198,0.000,0.177,t,f,2026-09-17 03:26:47.306+00
2026,1,2026_01_ATL_PIT,PIT,ATL,KuntCh02,Christian Kuntz,LS,0,0,0,0,10,0.33,PIT,18,0,0,0.000,0.000,t,f,2026-09-17 03:26:47.306+00
2026,1,2026_01_ATL_PIT,PIT,ATL,AndeSp00,Spencer Anderson,OL,67,1,0,0,0,0,PIT,18,388,0,0.349,0.000,t,f,2026-09-17 03:26:47.306+00
2026,1,2026_01_ATL_PIT,PIT,ATL,JohnCa02,Cameron Johnston,P,0,0,0,0,10,0.33,BUF|NYG,4,0,0,0.000,0.000,f,t,2026-09-17 03:26:47.306+00
2026,1,2026_01_ATL_PIT,PIT,ATL,RodgAa00,Aaron Rodgers,QB,67,1,0,0,0,0,PIT,17,969,0,0.953,0.000,t,f,2026-09-17 03:26:47.306+00
2026,1,2026_01_ATL_PIT,PIT,ATL,DowdRi01,Rico Dowdle,RB,39,0.58,0,0,0,0,CAR,18,615,0,0.549,0.000,f,t,2026-09-17 03:26:47.306+00
2026,1,2026_01_ATL_PIT,PIT,ATL,WarrJa01,Jaylen Warren,RB,25,0.37,0,0,0,0,PIT,17,515,0,0.505,0.000,t,f,2026-09-17 03:26:47.306+00
2026,1,2026_01_ATL_PIT,PIT,ATL,HeidEl00,Eli Heidenreich,RB,3,0.04,0,0,13,0.43,,0,0,0,,,f,f,2026-09-17 03:26:47.306+00
2026,1,2026_01_ATL_PIT,PIT,ATL,BrisJa01,Jaquan Brisker,S,0,0,60,1,0,0,CHI,19,0,1221,0.000,0.999,f,t,2026-09-17 03:26:47.306+00
2026,1,2026_01_ATL_PIT,PIT,ATL,JenkRa00,Rayshawn Jenkins,S,0,0,31,0.52,10,0.33,CLE,17,0,277,0.000,0.257,f,t,2026-09-17 03:26:47.306+00
2026,1,2026_01_ATL_PIT,PIT,ATL,SpeaRo01,Robert Spears-Jennings,S,0,0,0,0,23,0.77,,0,0,0,,,f,f,2026-09-17 03:26:47.306+00
2026,1,2026_01_ATL_PIT,PIT,ATL,CookDy00,Dylan Cook,T,67,1,0,0,6,0.2,PIT,6,348,0,0.868,0.000,t,f,2026-09-17 03:26:47.306+00
2026,1,2026_01_ATL_PIT,PIT,ATL,FautTr00,Troy Fautanu,T,66,0.99,0,0,0,0,PIT,18,1088,0,1.000,0.000,t,f,2026-09-17 03:26:47.306+00
2026,1,2026_01_ATL_PIT,PIT,ATL,IheaMa00,Max Iheanachor,T,1,0.01,0,0,0,0,,0,0,0,,,f,f,2026-09-17 03:26:47.306+00
2026,1,2026_01_ATL_PIT,PIT,ATL,FreiPa00,Pat Freiermuth,TE,49,0.73,0,0,4,0.13,PIT,18,561,0,0.513,0.000,t,f,2026-09-17 03:26:47.306+00
2026,1,2026_01_ATL_PIT,PIT,ATL,WashDa03,Darnell Washington,TE,43,0.64,0,0,6,0.2,PIT,16,546,0,0.573,0.000,t,f,2026-09-17 03:26:47.306+00
2026,1,2026_01_ATL_PIT,PIT,ATL,TonyRo00,Robert Tonyan,TE,2,0.03,0,0,4,0.13,KC,17,133,0,0.111,0.000,f,t,2026-09-17 03:26:47.306+00
2026,1,2026_01_ATL_PIT,PIT,ATL,MetcDK00,D.K. Metcalf,WR,64,0.96,0,0,0,0,PIT,16,825,0,0.872,0.000,t,f,2026-09-17 03:26:47.306+00
2026,1,2026_01_ATL_PIT,PIT,ATL,PittMi01,Michael Pittman Jr.,WR,59,0.88,0,0,0,0,IND,17,918,0,0.855,0.000,f,t,2026-09-17 03:26:47.306+00
2026,1,2026_01_ATL_PIT,PIT,ATL,WilsRo02,Roman Wilson,WR,37,0.55,0,0,0,0,PIT,13,253,0,0.331,0.000,t,f,2026-09-17 03:26:47.306+00
2026,1,2026_01_ATL_PIT,PIT,ATL,SkowBe00,Ben Skowronek,WR,0,0,0,0,18,0.6,PIT,18,167,0,0.153,0.000,t,f,2026-09-17 03:26:47.306+00
2026,1,2026_01_ATL_PIT,PIT,ATL,WetjKa00,Kaden Wetjen,WR,0,0,0,0,10,0.33,,0,0,0,,,f,f,2026-09-17 03:26:47.306+00
2026,1,2026_01_ATL_PIT,PIT,ATL,BernGe00,Germie Bernard,WR,3,0.04,0,0,4,0.13,,0,0,0,,,f,f,2026-09-17 03:26:47.306+00
2026,1,2026_01_BAL_IND,BAL,IND,WiggNa00,Nate Wiggins,CB,0,0,54,1,0,0,BAL,17,0,1029,0.000,0.913,t,f,2026-09-17 03:26:47.306+00
2026,1,2026_01_BAL_IND,BAL,IND,HumpMa00,Marlon Humphrey,CB,0,0,48,0.89,0,0,BAL,15,0,880,0.000,0.871,t,f,2026-09-17 03:26:47.306+00
2026,1,2026_01_BAL_IND,BAL,IND,MartKe03,Keyon Martin,CB,0,0,23,0.43,16,0.52,BAL,13,0,143,0.000,0.160,t,f,2026-09-17 03:26:47.306+00
2026,1,2026_01_BAL_IND,BAL,IND,AwuzCh00,Chidobe Awuzie,CB,0,0,6,0.11,8,0.26,BAL,14,0,557,0.000,0.584,t,f,2026-09-17 03:26:47.306+00
2026,1,2026_01_BAL_IND,BAL,IND,TampTJ00,T.J. Tampa,CB,0,0,0,0,5,0.16,BAL,17,0,147,0.000,0.127,t,f,2026-09-17 03:26:47.306+00
2026,1,2026_01_BAL_IND,BAL,IND,JoneTr00,Travis Jones,DL,0,0,31,0.57,12,0.39,BAL,16,0,743,0.000,0.700,t,f,2026-09-17 03:26:47.306+00
2026,1,2026_01_BAL_IND,BAL,IND,CampCa99,Calais Campbell,DL,0,0,29,0.54,11,0.35,ARI,17,0,524,0.000,0.461,f,t,2026-09-17 03:26:47.306+00
2026,1,2026_01_BAL_IND,BAL,IND,WashBr01,Broderick Washington Jr.,DL,0,0,21,0.39,5,0.16,BAL,3,0,102,0.000,0.460,t,f,2026-09-17 03:26:47.306+00
2026,1,2026_01_BAL_IND,BAL,IND,PeebAe00,Aeneas Peebles,DL,0,0,10,0.19,0,0,BAL,6,0,71,0.000,0.160,t,f,2026-09-17 03:26:47.306+00
2026,1,2026_01_BAL_IND,BAL,IND,SimpJo00,John Simpson,G,68,1,0,0,7,0.23,NYJ,17,1016,0,0.969,0.000,f,t,2026-09-17 03:26:47.306+00
2026,1,2026_01_BAL_IND,BAL,IND,IoanOl00,Olaivavega Ioane,G,68,1,0,0,7,0.23,,0,0,0,,,f,f,2026-09-17 03:26:47.306+00
2026,1,2026_01_BAL_IND,BAL,IND,VorhAn00,Andrew Vorhees,G,0,0,0,0,7,0.23,BAL,17,968,0,0.948,0.000,t,f,2026-09-17 03:26:47.306+00
2026,1,2026_01_BAL_IND,BAL,IND,LoopTy00,Tyler Loop,K,0,0,0,0,14,0.45,BAL,17,0,0,0.000,0.000,t,f,2026-09-17 03:26:47.306+00
2026,1,2026_01_BAL_IND,BAL,IND,SmitRo07,Roquan Smith,LB,0,0,54,1,0,0,BAL,15,0,953,0.000,0.943,t,f,2026-09-17 03:26:47.306+00
2026,1,2026_01_BAL_IND,BAL,IND,RobiTa00,Tavius Robinson,LB,0,0,44,0.81,17,0.55,BAL,10,0,451,0.000,0.646,t,f,2026-09-17 03:26:47.306+00
2026,1,2026_01_BAL_IND,BAL,IND,HendTr00,Trey Hendrickson,LB,0,0,40,0.74,0,0,CIN,7,0,285,0.000,0.589,f,t,2026-09-17 03:26:47.306+00
2026,1,2026_01_BAL_IND,BAL,IND,SimpTr00,Trenton Simpson,LB,0,0,32,0.59,11,0.35,BAL,17,0,407,0.000,0.359,t,f,2026-09-17 03:26:47.306+00
2026,1,2026_01_BAL_IND,BAL,IND,HiggJa01,Jay Higgins,LB,0,0,0,0,24,0.77,BAL,11,0,7,0.000,0.013,t,f,2026-09-17 03:26:47.306+00
2026,1,2026_01_BAL_IND,BAL,IND,BurkEt00,Ethan Burke,LB,0,0,0,0,21,0.68,,0,0,0,,,f,f,2026-09-17 03:26:47.306+00
2026,1,2026_01_BAL_IND,BAL,IND,JoneCa05,Carl Jones,LB,0,0,0,0,19,0.61,BAL|CHI,13,0,0,0.000,0.000,t,f,2026-09-17 03:26:47.306+00
2026,1,2026_01_BAL_IND,BAL,IND,GreeMi02,Mike Green,LB,0,0,17,0.31,7,0.23,BAL,17,0,712,0.000,0.636,t,f,2026-09-17 03:26:47.306+00
2026,1,2026_01_BAL_IND,BAL,IND,YounZi00,Zion Young,LB,0,0,12,0.22,9,0.29,,0,0,0,,,f,f,2026-09-17 03:26:47.306+00
2026,1,2026_01_BAL_IND,BAL,IND,MoorNi00,Nick Moore,LS,0,0,0,0,10,0.32,BAL,17,0,0,0.000,0.000,t,f,2026-09-17 03:26:47.306+00
2026,1,2026_01_BAL_IND,BAL,IND,JenkJo00,John Jenkins,NT,0,0,13,0.24,0,0,BAL,17,0,523,0.000,0.464,t,f,2026-09-17 03:26:47.306+00
2026,1,2026_01_BAL_IND,BAL,IND,GwynJo00,Jovaughn Gwyn,OL,68,1,0,0,0,0,ATL,17,11,0,0.011,0.000,f,t,2026-09-17 03:26:47.306+00
2026,1,2026_01_BAL_IND,BAL,IND,EcklRy00,Ryan Eckley,P,0,0,0,0,10,0.32,,0,0,0,,,f,f,2026-09-17 03:26:47.306+00
2026,1,2026_01_BAL_IND,BAL,IND,JackLa00,Lamar Jackson,QB,68,1,0,0,0,0,BAL,13,702,0,0.922,0.000,t,f,2026-09-17 03:26:47.306+00
2026,1,2026_01_BAL_IND,BAL,IND,HenrDe00,Derrick Henry,RB,37,0.54,0,0,0,0,BAL,17,555,0,0.545,0.000,t,f,2026-09-17 03:26:47.306+00
2026,1,2026_01_BAL_IND,BAL,IND,HillJu00,Justice Hill,RB,31,0.46,0,0,1,0.03,BAL,10,219,0,0.371,0.000,t,f,2026-09-17 03:26:47.306+00
2026,1,2026_01_BAL_IND,BAL,IND,AlixRa00,Rasheen Ali,RB,0,0,0,0,14,0.45,BAL,15,119,0,0.130,0.000,t,f,2026-09-17 03:26:47.306+00
2026,1,2026_01_BAL_IND,BAL,IND,HamiKy00,Kyle Hamilton,S,0,0,54,1,0,0,BAL,16,0,1003,0.000,0.943,t,f,2026-09-17 03:26:47.306+00
2026,1,2026_01_BAL_IND,BAL,IND,StarMa00,Malaki Starks,S,0,0,54,1,12,0.39,BAL,17,0,1065,0.000,0.936,t,f,2026-09-17 03:26:47.306+00
2026,1,2026_01_BAL_IND,BAL,IND,HawkJa00,Jaylinn Hawkins,S,0,0,52,0.96,6,0.19,NE,19,0,1102,0.000,0.941,f,t,2026-09-17 03:26:47.306+00
2026,1,2026_01_BAL_IND,BAL,IND,JackKe03,Keondre Jackson,S,0,0,0,0,24,0.77,BAL,12,0,0,0.000,0.000,t,f,2026-09-17 03:26:47.306+00
2026,1,2026_01_BAL_IND,BAL,IND,RoseRo01,Roger Rosengarten,T,68,1,0,0,7,0.23,BAL,17,1014,0,0.999,0.000,t,f,2026-09-17 03:26:47.306+00
2026,1,2026_01_BAL_IND,BAL,IND,StanRo00,Ronnie Stanley,T,68,1,0,0,0,0,BAL,16,857,0,0.886,0.000,t,f,2026-09-17 03:26:47.306+00
2026,1,2026_01_BAL_IND,BAL,IND,VinsCa00,Carson Vinson,T,7,0.1,0,0,7,0.23,BAL,7,7,0,0.023,0.000,t,f,2026-09-17 03:26:47.306+00
2026,1,2026_01_BAL_IND,BAL,IND,AndrMa00,Mark Andrews,TE,49,0.72,0,0,0,0,BAL,17,630,0,0.617,0.000,t,f,2026-09-17 03:26:47.306+00
2026,1,2026_01_BAL_IND,BAL,IND,SmytDu00,Durham Smythe,TE,42,0.62,0,0,8,0.26,CHI,19,335,0,0.255,0.000,f,t,2026-09-17 03:26:47.306+00
2026,1,2026_01_BAL_IND,BAL,IND,HibnMa00,Matthew Hibner,TE,23,0.34,0,0,9,0.29,,0,0,0,,,f,f,2026-09-17 03:26:47.306+00
2026,1,2026_01_BAL_IND,BAL,IND,CuevJo00,Josh Cuevas,TE,6,0.09,0,0,8,0.26,,0,0,0,,,f,f,2026-09-17 03:26:47.306+00
2026,1,2026_01_BAL_IND,BAL,IND,BateRa00,Rashod Bateman,WR,53,0.78,0,0,0,0,BAL,13,550,0,0.693,0.000,t,f,2026-09-17 03:26:47.306+00
2026,1,2026_01_BAL_IND,BAL,IND,LaneJa01,Ja'Kobi Lane,WR,27,0.4,0,0,0,0,,0,0,0,,,f,f,2026-09-17 03:26:47.306+00
2026,1,2026_01_BAL_IND,BAL,IND,MoorCh00,Chris Moore,WR,25,0.37,0,0,16,0.52,WAS,14,429,0,0.486,0.000,f,t,2026-09-17 03:26:47.306+00
2026,1,2026_01_BAL_IND,BAL,IND,WestLa01,LaJohntay Wester,WR,20,0.29,0,0,9,0.29,BAL,17,58,0,0.062,0.000,t,f,2026-09-17 03:26:47.306+00
2026,1,2026_01_BAL_IND,BAL,IND,FlowZa00,Zay Flowers,WR,20,0.29,0,0,0,0,BAL,17,878,0,0.865,0.000,t,f,2026-09-17 03:26:47.306+00
2026,1,2026_01_BAL_IND,IND,BAL,BortTa00,Tanor Bortolini,C,54,1,0,0,0,0,IND,16,937,0,0.918,0.000,t,f,2026-09-17 03:26:47.306+00
2026,1,2026_01_BAL_IND,IND,BAL,VanPSe00,Sedrick Van Pran-Granger,C,0,0,0,0,4,0.13,BUF,17,97,0,0.078,0.000,f,t,2026-09-17 03:26:47.306+00
2026,1,2026_01_BAL_IND,IND,BAL,GardSa00,Sauce Gardner,CB,0,0,68,1,4,0.13,IND|NYJ,10,0,543,0.000,0.795,t,f,2026-09-17 03:26:47.306+00
2026,1,2026_01_BAL_IND,IND,BAL,WardCh01,Charvarius Ward,CB,0,0,65,0.96,0,0,IND,7,0,459,0.000,0.921,t,f,2026-09-17 03:26:47.306+00
2026,1,2026_01_BAL_IND,IND,BAL,WallJu00,Justin Walley,CB,0,0,39,0.57,7,0.23,,0,0,0,,,f,f,2026-09-17 03:26:47.306+00
2026,1,2026_01_BAL_IND,IND,BAL,GushKa00,Kapena Gushiken,CB,0,0,0,0,11,0.35,,0,0,0,,,f,f,2026-09-17 03:26:47.306+00
2026,1,2026_01_BAL_IND,IND,BAL,HarrKe03,Kenneth Harris,CB,0,0,4,0.06,3,0.1,,0,0,0,,,f,f,2026-09-17 03:26:47.306+00
2026,1,2026_01_BAL_IND,IND,BAL,LatuLa00,Laiatu Latu,DE,0,0,57,0.84,0,0,IND,16,0,756,0.000,0.684,t,f,2026-09-17 03:26:47.306+00
2026,1,2026_01_BAL_IND,IND,BAL,KeyxAr00,Arden Key,DE,0,0,48,0.71,7,0.23,TEN,12,0,449,0.000,0.593,f,t,2026-09-17 03:26:47.306+00
2026,1,2026_01_BAL_IND,IND,BAL,TuimJT00,JT Tuimoloau,DE,0,0,23,0.34,13,0.42,IND,13,0,215,0.000,0.243,t,f,2026-09-17 03:26:47.306+00
2026,1,2026_01_BAL_IND,IND,BAL,CurrCa00,Caden Curry,DE,0,0,3,0.04,20,0.65,,0,0,0,,,f,f,2026-09-17 03:26:47.306+00
2026,1,2026_01_BAL_IND,IND,BAL,ClemMi03,Micheal Clemons,DE,0,0,14,0.21,0,0,NYJ,16,0,578,0.000,0.551,f,t,2026-09-17 03:26:47.306+00
2026,1,2026_01_BAL_IND,IND,BAL,BuckDe00,DeForest Buckner,DT,0,0,51,0.75,0,0,IND,10,0,469,0.000,0.705,t,f,2026-09-17 03:26:47.306+00
2026,1,2026_01_BAL_IND,IND,BAL,StewGr00,Grover Stewart,DT,0,0,43,0.63,11,0.35,IND,17,0,683,0.000,0.586,t,f,2026-09-17 03:26:47.306+00
2026,1,2026_01_BAL_IND,IND,BAL,TillJe00,Jerry Tillery,DT,0,0,36,0.53,7,0.23,KC,17,0,376,0.000,0.359,f,t,2026-09-17 03:26:47.306+00
2026,1,2026_01_BAL_IND,IND,BAL,AdebAd00,Adetomiwa Adebawore,DT,0,0,18,0.26,24,0.77,IND,17,0,548,0.000,0.460,t,f,2026-09-17 03:26:47.306+00
2026,1,2026_01_BAL_IND,IND,BAL,SmitTi02,Tim Smith,DT,0,0,13,0.19,0,0,,0,0,0,,,f,f,2026-09-17 03:26:47.306+00
2026,1,2026_01_BAL_IND,IND,BAL,GoncMa00,Matt Goncalves,G,54,1,0,0,4,0.13,IND,16,1007,0,0.996,0.000,t,f,2026-09-17 03:26:47.306+00
2026,1,2026_01_BAL_IND,IND,BAL,NelsQu00,Quenton Nelson,G,54,1,0,0,0,0,IND,17,1038,0,0.968,0.000,t,f,2026-09-17 03:26:47.306+00
2026,1,2026_01_BAL_IND,IND,BAL,FarmJa00,Jalen Farmer,G,0,0,0,0,4,0.13,,0,0,0,,,f,f,2026-09-17 03:26:47.306+00
2026,1,2026_01_BAL_IND,IND,BAL,ShraSp00,Spencer Shrader,K,0,0,0,0,9,0.29,IND,5,0,0,0.000,0.000,t,f,2026-09-17 03:26:47.306+00
2026,1,2026_01_BAL_IND,IND,BAL,DaviAk01,Akeem Davis-Gaither,LB,0,0,64,0.94,6,0.19,ARI,17,0,781,0.000,0.689,f,t,2026-09-17 03:26:47.306+00
2026,1,2026_01_BAL_IND,IND,BAL,CarlJa01,Jaylon Carlies,LB,0,0,42,0.62,6,0.19,IND,3,0,2,0.000,0.010,t,f,2026-09-17 03:26:47.306+00
2026,1,2026_01_BAL_IND,IND,BAL,ChamTa00,Tahj Chambers,LB,0,0,0,0,27,0.87,,0,0,0,,,f,f,2026-09-17 03:26:47.306+00
2026,1,2026_01_BAL_IND,IND,BAL,BoetBr00,Bryce Boettcher,LB,0,0,23,0.34,15,0.48,,0,0,0,,,f,f,2026-09-17 03:26:47.306+00
2026,1,2026_01_BAL_IND,IND,BAL,RhodLu00,Luke Rhodes,LS,0,0,0,0,9,0.29,IND,17,0,0,0.000,0.000,t,f,2026-09-17 03:26:47.306+00
2026,1,2026_01_BAL_IND,IND,BAL,SancRi00,Rigoberto Sanchez,P,0,0,0,0,9,0.29,IND,17,0,0,0.000,0.000,t,f,2026-09-17 03:26:47.306+00
2026,1,2026_01_BAL_IND,IND,BAL,JoneDa05,Daniel Jones,QB,54,1,0,0,0,0,IND,13,756,0,0.915,0.000,t,f,2026-09-17 03:26:47.306+00
2026,1,2026_01_BAL_IND,IND,BAL,TaylJo02,Jonathan Taylor,RB,48,0.89,0,0,0,0,IND,17,883,0,0.826,0.000,t,f,2026-09-17 03:26:47.306+00
2026,1,2026_01_BAL_IND,IND,BAL,McGoSe01,Seth McGowan,RB,6,0.11,0,0,7,0.23,,0,0,0,,,f,f,2026-09-17 03:26:47.306+00
2026,1,2026_01_BAL_IND,IND,BAL,BynuCa00,Camryn Bynum,S,0,0,68,1,7,0.23,IND,17,0,1104,0.000,0.947,t,f,2026-09-17 03:26:47.306+00
2026,1,2026_01_BAL_IND,IND,BAL,HaulAJ00,A.J. Haulcy,S,0,0,67,0.99,0,0,,0,0,0,,,f,f,2026-09-17 03:26:47.306+00
2026,1,2026_01_BAL_IND,IND,BAL,OwenJo01,Jonathan Owens,S,0,0,2,0.03,27,0.87,CHI,19,0,47,0.000,0.041,f,t,2026-09-17 03:26:47.306+00
2026,1,2026_01_BAL_IND,IND,BAL,WohlHu00,Hunter Wohler,S,0,0,0,0,15,0.48,,0,0,0,,,f,f,2026-09-17 03:26:47.306+00
2026,1,2026_01_BAL_IND,IND,BAL,RaimBe00,Bernhard Raimann,T,54,1,0,0,0,0,IND,16,985,0,0.972,0.000,t,f,2026-09-17 03:26:47.306+00
2026,1,2026_01_BAL_IND,IND,BAL,TravJa00,Jalen Travis,T,54,1,0,0,4,0.13,IND,17,315,0,0.301,0.000,t,f,2026-09-17 03:26:47.306+00
2026,1,2026_01_BAL_IND,IND,BAL,TenuLu00,Luke Tenuta,T,1,0.02,0,0,4,0.13,IND,4,28,0,0.115,0.000,t,f,2026-09-17 03:26:47.306+00
2026,1,2026_01_BAL_IND,IND,BAL,WarrTy00,Tyler Warren,TE,50,0.93,0,0,0,0,IND,17,899,0,0.838,0.000,t,f,2026-09-17 03:26:47.306+00
2026,1,2026_01_BAL_IND,IND,BAL,OgleAn00,Andrew Ogletree,TE,6,0.11,0,0,18,0.58,IND,15,226,0,0.237,0.000,t,f,2026-09-17 03:26:47.306+00
2026,1,2026_01_BAL_IND,IND,BAL,AlieMo00,Mo Alie-Cox,TE,14,0.26,0,0,11,0.35,IND,17,419,0,0.391,0.000,t,f,2026-09-17 03:26:47.306+00
2026,1,2026_01_BAL_IND,IND,BAL,DownJo00,Josh Downs,WR,48,0.89,0,0,3,0.1,IND,16,594,0,0.587,0.000,t,f,2026-09-17 03:26:47.306+00
2026,1,2026_01_BAL_IND,IND,BAL,AlleKe00,Keenan Allen,WR,36,0.67,0,0,0,0,LAC,18,666,0,0.557,0.000,f,t,2026-09-17 03:26:47.306+00
2026,1,2026_01_BAL_IND,IND,BAL,PierAl00,Alec Pierce,WR,32,0.59,0,0,0,0,IND,15,813,1,0.859,0.001,t,f,2026-09-17 03:26:47.306+00
2026,1,2026_01_BAL_IND,IND,BAL,TreaLa00,Laquon Treadwell,WR,19,0.35,0,0,20,0.65,IND,10,36,0,0.059,0.000,t,f,2026-09-17 03:26:47.306+00
2026,1,2026_01_BAL_IND,IND,BAL,DuliAs00,Ashton Dulin,WR,10,0.19,0,0,19,0.61,IND,12,163,1,0.213,0.001,t,f,2026-09-17 03:26:47.306+00
2026,1,2026_01_BAL_IND,IND,BAL,BurkDe02,Deion Burks,WR,0,0,0,0,6,0.19,,0,0,0,,,f,f,2026-09-17 03:26:47.306+00
2026,1,2026_01_BUF_HOU,BUF,HOU,AndeAl01,Alec Anderson,C,58,1,0,0,6,0.19,BUF,19,207,0,0.150,0.000,t,f,2026-09-17 03:26:47.306+00
2026,1,2026_01_BUF_HOU,BUF,HOU,McGoCo01,Connor McGovern,C,58,1,0,0,0,0,BUF,18,1166,0,0.975,0.000,t,f,2026-09-17 03:26:47.306+00
2026,1,2026_01_BUF_HOU,BUF,HOU,CushLl00,Lloyd Cushenberry III,C,0,0,0,0,6,0.19,TEN,15,922,0,0.992,0.000,f,t,2026-09-17 03:26:47.306+00
2026,1,2026_01_BUF_HOU,BUF,HOU,BenfCh00,Christian Benford,CB,0,0,79,1,0,0,BUF,16,0,924,0.000,0.963,t,f,2026-09-17 03:26:47.306+00
2026,1,2026_01_BUF_HOU,BUF,HOU,HairMa00,Maxwell Hairston,CB,0,0,66,0.84,8,0.26,BUF,11,0,348,0.000,0.567,t,f,2026-09-17 03:26:47.306+00
2026,1,2026_01_BUF_HOU,BUF,HOU,AlfoDe00,DeAundre Alford,CB,0,0,48,0.61,6,0.19,ATL,16,0,582,0.000,0.571,f,t,2026-09-17 03:26:47.306+00
2026,1,2026_01_BUF_HOU,BUF,HOU,IgbiDa01,Davison Igbinosun,CB,0,0,11,0.14,12,0.39,,0,0,0,,,f,f,2026-09-17 03:26:47.306+00
2026,1,2026_01_BUF_HOU,BUF,HOU,FranSa00,Sam Franklin,DB,0,0,0,0,25,0.81,BUF,19,0,6,0.000,0.006,t,f,2026-09-17 03:26:47.306+00
2026,1,2026_01_BUF_HOU,BUF,HOU,HancJo00,Jordan Hancock,DB,0,0,0,0,23,0.74,BUF,15,0,181,0.000,0.215,t,f,2026-09-17 03:26:47.306+00
2026,1,2026_01_BUF_HOU,BUF,HOU,OlivEd00,Ed Oliver,DL,0,0,65,0.82,0,0,BUF,4,0,124,0.000,0.500,t,f,2026-09-17 03:26:47.306+00
2026,1,2026_01_BUF_HOU,BUF,HOU,WalkDe04,Deone Walker,DL,0,0,51,0.65,8,0.26,BUF,19,0,549,0.000,0.483,t,f,2026-09-17 03:26:47.306+00
2026,1,2026_01_BUF_HOU,BUF,HOU,JackLa03,Landon Jackson,DL,0,0,29,0.37,11,0.35,BUF,3,0,30,0.000,0.160,t,f,2026-09-17 03:26:47.306+00
2026,1,2026_01_BUF_HOU,BUF,HOU,CartDe03,DeWayne Carter,DL,0,0,18,0.23,4,0.13,,0,0,0,,,f,f,2026-09-17 03:26:47.306+00
2026,1,2026_01_BUF_HOU,BUF,HOU,GainGr00,Greg Gaines,DL,0,0,14,0.18,4,0.13,TB,17,0,369,0.000,0.352,f,t,2026-09-17 03:26:47.306+00
2026,1,2026_01_BUF_HOU,BUF,HOU,TorrOC00,O'Cyrus Torrence,G,58,1,0,0,6,0.19,BUF,19,1270,0,0.997,0.000,t,f,2026-09-17 03:26:47.306+00
2026,1,2026_01_BUF_HOU,BUF,HOU,CorbAu00,Austin Corbett,G,0,0,0,0,6,0.19,CAR,14,689,0,0.829,0.000,f,t,2026-09-17 03:26:47.306+00
2026,1,2026_01_BUF_HOU,BUF,HOU,BassTy00,Tyler Bass,K,0,0,0,0,14,0.45,,0,0,0,,,f,f,2026-09-17 03:26:47.306+00
2026,1,2026_01_BUF_HOU,BUF,HOU,BernTe00,Terrel Bernard,LB,0,0,79,1,5,0.16,BUF,12,0,621,0.000,0.864,t,f,2026-09-17 03:26:47.306+00
2026,1,2026_01_BUF_HOU,BUF,HOU,ChubBr00,Bradley Chubb,LB,0,0,63,0.8,0,0,MIA,17,0,766,0.000,0.712,f,t,2026-09-17 03:26:47.306+00
2026,1,2026_01_BUF_HOU,BUF,HOU,RousGr00,Gregory Rousseau,LB,0,0,63,0.8,5,0.16,BUF,18,0,727,0.000,0.685,t,f,2026-09-17 03:26:47.306+00
2026,1,2026_01_BUF_HOU,BUF,HOU,WillDo04,Dorian Williams,LB,0,0,53,0.67,8,0.26,BUF,18,0,455,0.000,0.439,t,f,2026-09-17 03:26:47.306+00
2026,1,2026_01_BUF_HOU,BUF,HOU,HoecMi00,Michael Hoecht,LB,0,0,24,0.3,19,0.61,BUF,2,0,64,0.000,0.530,t,f,2026-09-17 03:26:47.306+00
2026,1,2026_01_BUF_HOU,BUF,HOU,AndrJo02,Joe Andreessen,LB,0,0,0,0,20,0.65,BUF,19,0,96,0.000,0.096,t,f,2026-09-17 03:26:47.306+00
2026,1,2026_01_BUF_HOU,BUF,HOU,ParkTJ00,T.J. Parker,LB,0,0,14,0.18,18,0.58,,0,0,0,,,f,f,2026-09-17 03:26:47.306+00
2026,1,2026_01_BUF_HOU,BUF,HOU,ElarKa00,Kaleb Elarms-Orr,LB,0,0,8,0.1,17,0.55,,0,0,0,,,f,f,2026-09-17 03:26:47.306+00
2026,1,2026_01_BUF_HOU,BUF,HOU,SoloJa00,Javon Solomon,LB,0,0,8,0.1,16,0.52,BUF,19,0,196,0.000,0.185,t,f,2026-09-17 03:26:47.306+00
2026,1,2026_01_BUF_HOU,BUF,HOU,FergRe00,Reid Ferguson,LS,0,0,0,0,8,0.26,BUF,19,0,0,0.000,0.000,t,f,2026-09-17 03:26:47.306+00
2026,1,2026_01_BUF_HOU,BUF,HOU,DomaTo00,Tommy Doman,P,0,0,0,0,8,0.26,,0,0,0,,,f,f,2026-09-17 03:26:47.306+00
2026,1,2026_01_BUF_HOU,BUF,HOU,AlleJo02,Josh Allen,QB,58,1,0,0,0,0,BUF,19,1175,0,0.930,0.000,t,f,2026-09-17 03:26:47.306+00
2026,1,2026_01_BUF_HOU,BUF,HOU,CookJa01,James Cook,RB,42,0.72,0,0,0,0,BUF,19,727,0,0.577,0.000,t,f,2026-09-17 03:26:47.306+00
2026,1,2026_01_BUF_HOU,BUF,HOU,GoreFr01,Frank Gore Jr.,RB,11,0.19,0,0,4,0.13,BUF,2,4,0,0.030,0.000,t,f,2026-09-17 03:26:47.306+00
2026,1,2026_01_BUF_HOU,BUF,HOU,DaviRa04,Ray Davis,RB,5,0.09,0,0,6,0.19,BUF,19,215,0,0.163,0.000,t,f,2026-09-17 03:26:47.306+00
2026,1,2026_01_BUF_HOU,BUF,HOU,GardCh00,C.J. Gardner-Johnson,S,0,0,79,1,0,0,CHI|HOU,14,0,814,0.000,0.878,f,t,2026-09-17 03:26:47.306+00
2026,1,2026_01_BUF_HOU,BUF,HOU,BishCo00,Cole Bishop,S,0,0,72,0.91,2,0.06,BUF,19,0,1023,0.000,0.917,t,f,2026-09-17 03:26:47.306+00
2026,1,2026_01_BUF_HOU,BUF,HOU,HamlDa00,Damar Hamlin,S,0,0,25,0.32,16,0.52,BUF,5,0,12,0.000,0.052,t,f,2026-09-17 03:26:47.306+00
2026,1,2026_01_BUF_HOU,BUF,HOU,DawkDi00,Dion Dawkins,T,58,1,0,0,6,0.19,BUF,17,1098,0,0.977,0.000,t,f,2026-09-17 03:26:47.306+00
2026,1,2026_01_BUF_HOU,BUF,HOU,BrowSp00,Spencer Brown,T,58,1,0,0,6,0.19,BUF,16,987,0,0.923,0.000,t,f,2026-09-17 03:26:47.306+00
2026,1,2026_01_BUF_HOU,BUF,HOU,GrabTy00,Tylan Grable,T,1,0.02,0,0,0,0,BUF,1,72,0,0.960,0.000,t,f,2026-09-17 03:26:47.306+00
2026,1,2026_01_BUF_HOU,BUF,HOU,KincDa00,Dalton Kincaid,TE,42,0.72,0,0,0,0,BUF,14,368,0,0.387,0.000,t,f,2026-09-17 03:26:47.306+00
2026,1,2026_01_BUF_HOU,BUF,HOU,KnoxDa00,Dawson Knox,TE,39,0.67,0,0,0,0,BUF,19,733,0,0.581,0.000,t,f,2026-09-17 03:26:47.306+00
2026,1,2026_01_BUF_HOU,BUF,HOU,HaweJa00,Jackson Hawes,TE,25,0.43,0,0,8,0.26,BUF,19,534,0,0.428,0.000,t,f,2026-09-17 03:26:47.306+00
2026,1,2026_01_BUF_HOU,BUF,HOU,LatuKe00,Keleki Latu,TE,4,0.07,0,0,20,0.65,BUF,5,85,0,0.234,0.000,t,f,2026-09-17 03:26:47.306+00
2026,1,2026_01_BUF_HOU,BUF,HOU,MoorD.00,D.J. Moore,WR,44,0.76,0,0,0,0,CHI,19,1104,0,0.842,0.000,f,t,2026-09-17 03:26:47.306+00
2026,1,2026_01_BUF_HOU,BUF,HOU,ShakKh00,Khalil Shakir,WR,31,0.53,0,0,0,0,BUF,18,730,0,0.606,0.000,t,f,2026-09-17 03:26:47.306+00
2026,1,2026_01_BUF_HOU,BUF,HOU,ColeKe02,Keon Coleman,WR,29,0.5,0,0,0,0,BUF,15,638,0,0.624,0.000,t,f,2026-09-17 03:26:47.306+00
2026,1,2026_01_BUF_HOU,BUF,HOU,PalmJo00,Josh Palmer,WR,18,0.31,0,0,0,0,BUF,12,393,0,0.483,0.000,t,f,2026-09-17 03:26:47.306+00
2026,1,2026_01_BUF_HOU,BUF,HOU,DortGr01,Greg Dortch,WR,0,0,0,0,10,0.32,ARI,12,292,0,0.336,0.000,f,t,2026-09-17 03:26:47.306+00
2026,1,2026_01_BUF_HOU,HOU,BUF,BrowEv00,Evan Brown,C,79,1,0,0,0,0,ARI,11,770,0,1.000,0.000,f,t,2026-09-17 03:26:47.306+00
2026,1,2026_01_BUF_HOU,HOU,BUF,RutlKe01,Keylan Rutledge,C,79,1,0,0,5,0.16,,0,0,0,,,f,f,2026-09-17 03:26:47.306+00
2026,1,2026_01_BUF_HOU,HOU,BUF,AndrJa00,Jake Andrews,C,0,0,0,0,5,0.16,HOU,18,1236,0,0.984,0.000,t,f,2026-09-17 03:26:47.306+00
2026,1,2026_01_BUF_HOU,HOU,BUF,StinDe00,Derek Stingley Jr.,CB,0,0,58,1,0,0,HOU,19,0,1027,0.000,0.891,t,f,2026-09-17 03:26:47.306+00
2026,1,2026_01_BUF_HOU,HOU,BUF,LassKa00,Kamari Lassiter,CB,0,0,58,1,0,0,HOU,18,0,1074,0.000,0.979,t,f,2026-09-17 03:26:47.306+00
2026,1,2026_01_BUF_HOU,HOU,BUF,SmitJa11,Jaylin Smith,CB,0,0,0,0,26,0.84,HOU,4,0,31,0.000,0.113,t,f,2026-09-17 03:26:47.306+00
2026,1,2026_01_BUF_HOU,HOU,BUF,SmitTr04,Tremon Smith,CB,0,0,0,0,26,0.84,HOU,19,0,181,0.000,0.148,t,f,2026-09-17 03:26:47.306+00
2026,1,2026_01_BUF_HOU,HOU,BUF,AndeWi01,Will Anderson,DE,0,0,51,0.88,0,0,HOU,19,0,779,0.000,0.670,t,f,2026-09-17 03:26:47.306+00
2026,1,2026_01_BUF_HOU,HOU,BUF,HuntDa01,Danielle Hunter,DE,0,0,45,0.78,0,0,HOU,19,0,819,0.000,0.704,t,f,2026-09-17 03:26:47.306+00
2026,1,2026_01_BUF_HOU,HOU,BUF,HallLo00,Logan Hall,DE,0,0,22,0.38,6,0.19,TB,17,0,610,0.000,0.591,f,t,2026-09-17 03:26:47.306+00
2026,1,2026_01_BUF_HOU,HOU,BUF,ClowJa00,Jadeveon Clowney,DE,0,0,20,0.34,0,0,DAL,13,0,373,0.000,0.445,f,t,2026-09-17 03:26:47.306+00
2026,1,2026_01_BUF_HOU,HOU,BUF,RobiDo00,Dominique Robinson,DE,0,0,2,0.03,14,0.45,CHI,14,0,252,0.000,0.274,f,t,2026-09-17 03:26:47.306+00
2026,1,2026_01_BUF_HOU,HOU,BUF,HarsSa00,Sabastian Harsh,DE,0,0,0,0,14,0.45,,0,0,0,,,f,f,2026-09-17 03:26:47.306+00
2026,1,2026_01_BUF_HOU,HOU,BUF,RankSh00,Sheldon Rankins,DT,0,0,41,0.71,0,0,HOU,19,0,705,0.000,0.607,t,f,2026-09-17 03:26:47.306+00
2026,1,2026_01_BUF_HOU,HOU,BUF,TogiTo00,Tommy Togiai,DT,0,0,40,0.69,6,0.19,HOU,17,2,538,0.001,0.524,t,f,2026-09-17 03:26:47.306+00
2026,1,2026_01_BUF_HOU,HOU,BUF,EdwaMa01,Mario Edwards,DT,0,0,18,0.31,6,0.19,HOU,14,0,282,0.000,0.331,t,f,2026-09-17 03:26:47.306+00
2026,1,2026_01_BUF_HOU,HOU,BUF,IngrEd00,Ed Ingram,G,79,1,0,0,5,0.16,HOU,16,1072,0,0.979,0.000,t,f,2026-09-17 03:26:47.306+00
2026,1,2026_01_BUF_HOU,HOU,BUF,TellWy00,Wyatt Teller,G,0,0,0,0,5,0.16,CLE,13,764,0,0.897,0.000,f,t,2026-09-17 03:26:47.306+00
2026,1,2026_01_BUF_HOU,HOU,BUF,FairKa01,Ka'imi Fairbairn,K,0,0,0,0,11,0.35,HOU,17,0,0,0.000,0.000,t,f,2026-09-17 03:26:47.306+00
2026,1,2026_01_BUF_HOU,HOU,BUF,AlShAz00,Azeez Al-Shaair,LB,0,0,58,1,0,0,HOU,18,0,1043,0.000,0.941,t,f,2026-09-17 03:26:47.306+00
2026,1,2026_01_BUF_HOU,HOU,BUF,TooTHe00,Henry To'oTo'o,LB,0,0,51,0.88,0,0,HOU,19,0,930,0.000,0.789,t,f,2026-09-17 03:26:47.306+00
2026,1,2026_01_BUF_HOU,HOU,BUF,HansJa01,Jake Hansen,LB,0,0,7,0.12,26,0.84,HOU,15,0,9,0.000,0.012,t,f,2026-09-17 03:26:47.306+00
2026,1,2026_01_BUF_HOU,HOU,BUF,WoodWa00,Wade Woodaz,LB,0,0,0,0,22,0.71,,0,0,0,,,f,f,2026-09-17 03:26:47.306+00
2026,1,2026_01_BUF_HOU,HOU,BUF,HummJa00,Jake Hummel,LB,0,0,0,0,17,0.55,BAL,17,0,33,0.000,0.026,f,t,2026-09-17 03:26:47.306+00
2026,1,2026_01_BUF_HOU,HOU,BUF,BrinAu00,Austin Brinkman,LS,0,0,0,0,9,0.29,HOU,19,0,0,0.000,0.000,t,f,2026-09-17 03:26:47.306+00
2026,1,2026_01_BUF_HOU,HOU,BUF,KroeKa00,Kai Kroeger,P,0,0,0,0,9,0.29,NO,17,0,0,0.000,0.000,f,t,2026-09-17 03:26:47.306+00
2026,1,2026_01_BUF_HOU,HOU,BUF,StroCJ00,C.J. Stroud,QB,79,1,0,0,0,0,HOU,16,1011,0,0.923,0.000,t,f,2026-09-17 03:26:47.306+00
2026,1,2026_01_BUF_HOU,HOU,BUF,MarkWo00,Woody Marks,RB,40,0.51,0,0,4,0.13,HOU,18,670,0,0.535,0.000,t,f,2026-09-17 03:26:47.306+00
2026,1,2026_01_BUF_HOU,HOU,BUF,MontDa01,David Montgomery,RB,39,0.49,0,0,0,0,DET,17,408,0,0.371,0.000,f,t,2026-09-17 03:26:47.306+00
2026,1,2026_01_BUF_HOU,HOU,BUF,BrooBr01,British Brooks,RB,0,0,0,0,18,0.58,HOU,17,73,0,0.061,0.000,t,f,2026-09-17 03:26:47.306+00
2026,1,2026_01_BUF_HOU,HOU,BUF,PitrJa00,Jalen Pitre,S,0,0,58,1,0,0,HOU,16,0,868,0.000,0.899,t,f,2026-09-17 03:26:47.306+00
2026,1,2026_01_BUF_HOU,HOU,BUF,BullCa00,Calen Bullock,S,0,0,56,0.97,0,0,HOU,19,0,1105,0.000,0.951,t,f,2026-09-17 03:26:47.306+00
2026,1,2026_01_BUF_HOU,HOU,BUF,BlanRe00,Reed Blankenship,S,0,0,52,0.9,4,0.13,PHI,17,0,1067,0.000,0.956,f,t,2026-09-17 03:26:47.306+00
2026,1,2026_01_BUF_HOU,HOU,BUF,OdumGe00,George Odum,S,0,0,0,0,22,0.71,IND,3,0,0,0.000,0.000,f,t,2026-09-17 03:26:47.306+00
2026,1,2026_01_BUF_HOU,HOU,BUF,RamsKa01,Kamari Ramsey,S,0,0,1,0.02,16,0.52,,0,0,0,,,f,f,2026-09-17 03:26:47.306+00
2026,1,2026_01_BUF_HOU,HOU,BUF,ErseAi00,Aireontae Ersery,T,79,1,0,0,5,0.16,HOU,18,1225,0,0.989,0.000,t,f,2026-09-17 03:26:47.306+00
2026,1,2026_01_BUF_HOU,HOU,BUF,BrowTr02,Trent Brown,T,79,1,0,0,5,0.16,HOU,8,547,0,0.994,0.000,t,f,2026-09-17 03:26:47.306+00
2026,1,2026_01_BUF_HOU,HOU,BUF,FishBl00,Blake Fisher,T,10,0.13,0,0,5,0.16,HOU,18,377,0,0.302,0.000,t,f,2026-09-17 03:26:47.306+00
2026,1,2026_01_BUF_HOU,HOU,BUF,SchuDa00,Dalton Schultz,TE,52,0.66,0,0,0,0,HOU,19,893,0,0.686,0.000,t,f,2026-09-17 03:26:47.306+00
2026,1,2026_01_BUF_HOU,HOU,BUF,MoreFo00,Foster Moreau,TE,35,0.44,0,0,6,0.19,NO,11,253,0,0.357,0.000,f,t,2026-09-17 03:26:47.306+00
2026,1,2026_01_BUF_HOU,HOU,BUF,StovCa00,Cade Stover,TE,24,0.3,0,0,18,0.58,HOU,11,349,0,0.469,0.000,t,f,2026-09-17 03:26:47.306+00
2026,1,2026_01_BUF_HOU,HOU,BUF,KleiMa00,Marlin Klein,TE,9,0.11,0,0,9,0.29,,0,0,0,,,f,f,2026-09-17 03:26:47.306+00
2026,1,2026_01_BUF_HOU,HOU,BUF,CollNi00,Nico Collins,WR,57,0.72,0,0,0,0,HOU,16,816,0,0.759,0.000,t,f,2026-09-17 03:26:47.306+00
2026,1,2026_01_BUF_HOU,HOU,BUF,HutcXa00,Xavier Hutchinson,WR,44,0.56,0,0,0,0,HOU,19,780,0,0.593,0.000,t,f,2026-09-17 03:26:47.306+00
2026,1,2026_01_BUF_HOU,HOU,BUF,BoutKa00,Kayshon Boutte,WR,36,0.46,0,0,0,0,NE,18,787,0,0.676,0.000,f,t,2026-09-17 03:26:47.306+00
2026,1,2026_01_BUF_HOU,HOU,BUF,WaynJa01,Jared Wayne,WR,25,0.32,0,0,10,0.32,HOU,1,35,0,0.440,0.000,t,f,2026-09-17 03:26:47.306+00
2026,1,2026_01_BUF_HOU,HOU,BUF,NoelJa00,Jaylin Noel,WR,24,0.3,0,0,6,0.19,HOU,19,316,0,0.242,0.000,t,f,2026-09-17 03:26:47.306+00
2026,1,2026_01_CHI_CAR,CAR,CHI,FortLu01,Luke Fortner,C,61,0.9,0,0,0,0,NO,17,678,0,0.606,0.000,f,t,2026-09-17 03:26:47.306+00
2026,1,2026_01_CHI_CAR,CAR,CHI,HechSa00,Sam Hecht,C,7,0.1,0,0,6,0.16,,0,0,0,,,f,f,2026-09-17 03:26:47.306+00
2026,1,2026_01_CHI_CAR,CAR,CHI,HornJa00,Jaycee Horn,CB,0,0,75,1,0,0,CAR,17,0,1019,0.000,0.946,t,f,2026-09-17 03:26:47.306+00
2026,1,2026_01_CHI_CAR,CAR,CHI,JackMi01,Michael Jackson,CB,0,0,75,1,9,0.24,CAR,18,0,1117,0.000,0.986,t,f,2026-09-17 03:26:47.306+00
2026,1,2026_01_CHI_CAR,CAR,CHI,LeexWi00,Will Lee,CB,0,0,27,0.36,2,0.05,,0,0,0,,,f,f,2026-09-17 03:26:47.306+00
2026,1,2026_01_CHI_CAR,CAR,CHI,SmitCh05,Chau Smith-Wade,CB,0,0,19,0.25,16,0.43,CAR,17,0,676,0.000,0.631,t,f,2026-09-17 03:26:47.306+00
2026,1,2026_01_CHI_CAR,CAR,CHI,EvanAk00,Akayleb Evans,CB,0,0,0,0,13,0.35,CAR,17,0,63,0.000,0.062,t,f,2026-09-17 03:26:47.306+00
2026,1,2026_01_CHI_CAR,CAR,CHI,BrowDe05,Derrick Brown,DT,0,0,46,0.61,9,0.24,CAR,18,0,881,0.000,0.776,t,f,2026-09-17 03:26:47.306+00
2026,1,2026_01_CHI_CAR,CAR,CHI,BrowBo04,Bobby Brown,DT,0,0,39,0.52,1,0.03,CAR,18,0,370,0.000,0.331,t,f,2026-09-17 03:26:47.306+00
2026,1,2026_01_CHI_CAR,CAR,CHI,HallAa00,Aaron Hall,DT,0,0,34,0.45,9,0.24,,0,0,0,,,f,f,2026-09-17 03:26:47.306+00
2026,1,2026_01_CHI_CAR,CAR,CHI,HuntLe00,Lee Hunter,DT,0,0,34,0.45,8,0.22,,0,0,0,,,f,f,2026-09-17 03:26:47.306+00
2026,1,2026_01_CHI_CAR,CAR,CHI,EdwaTe01,TeRah Edwards,DT,0,0,22,0.29,9,0.24,,0,0,0,,,f,f,2026-09-17 03:26:47.306+00
2026,1,2026_01_CHI_CAR,CAR,CHI,LewiDa05,Damien Lewis,G,66,0.97,0,0,6,0.16,CAR,17,1055,0,0.998,0.000,t,f,2026-09-17 03:26:47.306+00
2026,1,2026_01_CHI_CAR,CAR,CHI,HuntRo01,Robert Hunt,G,61,0.9,0,0,6,0.16,CAR,3,177,0,0.830,0.000,t,f,2026-09-17 03:26:47.306+00
2026,1,2026_01_CHI_CAR,CAR,CHI,FitzRy01,Ryan Fitzgerald,K,1,0.01,0,0,12,0.32,CAR,18,0,0,0.000,0.000,t,f,2026-09-17 03:26:47.306+00
2026,1,2026_01_CHI_CAR,CAR,CHI,LloyDe00,Devin Lloyd,LB,0,0,74,0.99,0,0,JAX,16,0,761,0.000,0.738,f,t,2026-09-17 03:26:47.306+00
2026,1,2026_01_CHI_CAR,CAR,CHI,OkerBo00,Bobby Okereke,LB,0,0,66,0.88,0,0,NYG,17,0,1104,0.000,0.990,f,t,2026-09-17 03:26:47.306+00
2026,1,2026_01_CHI_CAR,CAR,CHI,PhilJa02,Jaelan Phillips,LB,0,0,58,0.77,0,0,MIA|PHI,18,0,871,0.000,0.759,f,t,2026-09-17 03:26:47.306+00
2026,1,2026_01_CHI_CAR,CAR,CHI,GipsTr00,Trevis Gipson,LB,0,0,45,0.6,9,0.24,CAR|SF,14,0,258,0.000,0.274,t,f,2026-09-17 03:26:47.306+00
2026,1,2026_01_CHI_CAR,CAR,CHI,UmanPr00,Princely Umanmielen,LB,0,0,35,0.47,0,0,CAR,17,0,235,0.000,0.222,t,f,2026-09-17 03:26:47.306+00
2026,1,2026_01_CHI_CAR,CAR,CHI,CherCl00,Claudin Cherelus,LB,0,0,1,0.01,31,0.84,CAR,15,0,262,0.000,0.257,t,f,2026-09-17 03:26:47.306+00
2026,1,2026_01_CHI_CAR,CAR,CHI,IncoTh00,Thomas Incoom,LB,0,0,4,0.05,31,0.84,CAR,18,0,25,0.000,0.022,t,f,2026-09-17 03:26:47.306+00
2026,1,2026_01_CHI_CAR,CAR,CHI,KuwaJa00,Jackson Kuwatch,LB,0,0,0,0,22,0.59,,0,0,0,,,f,f,2026-09-17 03:26:47.306+00
2026,1,2026_01_CHI_CAR,CAR,CHI,MoonJe00,Jeremiah Moon,LB,0,0,15,0.2,9,0.24,CAR|PIT,3,0,17,0.000,0.080,t,f,2026-09-17 03:26:47.306+00
2026,1,2026_01_CHI_CAR,CAR,CHI,JansJ.00,J.J. Jansen,LS,0,0,0,0,9,0.24,CAR,18,0,0,0.000,0.000,t,f,2026-09-17 03:26:47.306+00
2026,1,2026_01_CHI_CAR,CAR,CHI,MartSa01,Sam Martin,P,0,0,0,0,10,0.27,CAR,18,0,0,0.000,0.000,t,f,2026-09-17 03:26:47.306+00
2026,1,2026_01_CHI_CAR,CAR,CHI,YounBr01,Bryce Young,QB,61,0.9,0,0,0,0,CAR,17,1031,0,0.969,0.000,t,f,2026-09-17 03:26:47.306+00
2026,1,2026_01_CHI_CAR,CAR,CHI,PickKe00,Kenny Pickett,QB,7,0.1,0,0,0,0,LV,6,79,0,0.285,0.000,f,t,2026-09-17 03:26:47.306+00
2026,1,2026_01_CHI_CAR,CAR,CHI,HubbCh01,Chuba Hubbard,RB,48,0.71,0,0,0,0,CAR,16,473,0,0.468,0.000,t,f,2026-09-17 03:26:47.306+00
2026,1,2026_01_CHI_CAR,CAR,CHI,BrooJo02,Jonathon Brooks,RB,13,0.19,0,0,0,0,,0,0,0,,,f,f,2026-09-17 03:26:47.306+00
2026,1,2026_01_CHI_CAR,CAR,CHI,DillAJ00,AJ Dillon,RB,7,0.1,0,0,0,0,PHI,7,50,0,0.119,0.000,f,t,2026-09-17 03:26:47.306+00
2026,1,2026_01_CHI_CAR,CAR,CHI,MoehTr00,Tre'von Moehrig,S,0,0,75,1,0,0,CAR,17,0,1066,0.000,0.985,t,f,2026-09-17 03:26:47.306+00
2026,1,2026_01_CHI_CAR,CAR,CHI,ScotNi01,Nick Scott,S,0,0,72,0.96,0,0,CAR,18,0,1111,0.000,0.980,t,f,2026-09-17 03:26:47.306+00
2026,1,2026_01_CHI_CAR,CAR,CHI,SimmIs00,Isaiah Simmons,S,0,0,0,0,31,0.84,CAR,6,0,1,0.000,0.002,t,f,2026-09-17 03:26:47.306+00
2026,1,2026_01_CHI_CAR,CAR,CHI,RansLa00,Lathan Ransom,S,0,0,9,0.12,31,0.84,CAR,17,0,354,0.000,0.341,t,f,2026-09-17 03:26:47.306+00
2026,1,2026_01_CHI_CAR,CAR,CHI,WalkRa00,Rasheed Walker,T,68,1,0,0,6,0.16,GB,18,1059,0,0.932,0.000,f,t,2026-09-17 03:26:47.306+00
2026,1,2026_01_CHI_CAR,CAR,CHI,FreeMo00,Monroe Freeling,T,61,0.9,0,0,6,0.16,,0,0,0,,,f,f,2026-09-17 03:26:47.306+00
2026,1,2026_01_CHI_CAR,CAR,CHI,ForsSt00,Stone Forsythe,T,10,0.15,0,0,6,0.16,LV,17,704,0,0.728,0.000,f,t,2026-09-17 03:26:47.306+00
2026,1,2026_01_CHI_CAR,CAR,CHI,BullCo00,Corey Bullock,T,9,0.13,0,0,6,0.16,BAL,16,13,0,0.012,0.000,f,t,2026-09-17 03:26:47.306+00
2026,1,2026_01_CHI_CAR,CAR,CHI,TremTo00,Tommy Tremble,TE,38,0.56,0,0,11,0.3,CAR,18,690,0,0.613,0.000,t,f,2026-09-17 03:26:47.306+00
2026,1,2026_01_CHI_CAR,CAR,CHI,EvanMi01,Mitchell Evans,TE,27,0.4,0,0,17,0.46,CAR,18,424,0,0.379,0.000,t,f,2026-09-17 03:26:47.306+00
2026,1,2026_01_CHI_CAR,CAR,CHI,WallDa01,Darren Waller,TE,24,0.35,0,0,0,0,MIA,9,232,0,0.450,0.000,f,t,2026-09-17 03:26:47.306+00
2026,1,2026_01_CHI_CAR,CAR,CHI,FranFe00,Feleipe Franks,TE,5,0.07,0,0,22,0.59,ATL,17,15,0,0.013,0.000,f,t,2026-09-17 03:26:47.306+00
2026,1,2026_01_CHI_CAR,CAR,CHI,CokeJa01,Jalen Coker,WR,57,0.84,0,0,0,0,CAR,12,498,0,0.709,0.000,t,f,2026-09-17 03:26:47.306+00
2026,1,2026_01_CHI_CAR,CAR,CHI,McMiTe00,Tetairoa McMillan,WR,56,0.82,0,0,0,0,CAR,18,985,0,0.873,0.000,t,f,2026-09-17 03:26:47.306+00
2026,1,2026_01_CHI_CAR,CAR,CHI,LegeXa00,Xavier Legette,WR,36,0.53,0,0,10,0.27,CAR,16,669,0,0.661,0.000,t,f,2026-09-17 03:26:47.306+00
2026,1,2026_01_CHI_CAR,CAR,CHI,TremBr00,Brycen Tremayne,WR,12,0.18,0,0,22,0.59,CAR,17,270,0,0.244,0.000,t,f,2026-09-17 03:26:47.306+00
2026,1,2026_01_CHI_CAR,CAR,CHI,HornJi00,Jimmy Horn,WR,14,0.21,0,0,12,0.32,CAR,14,167,0,0.199,0.000,t,f,2026-09-17 03:26:47.306+00
2026,1,2026_01_CHI_CAR,CHI,CAR,ThieDi00,Dillon Thieneman,DB,0,0,68,1,17,0.46,,0,0,0,,,f,f,2026-09-17 03:26:47.306+00
2026,1,2026_01_CHI_CAR,CHI,CAR,LewiCa00,Cameron Lewis,DB,0,0,65,0.96,3,0.08,BUF,19,0,442,0.000,0.403,f,t,2026-09-17 03:26:47.306+00
2026,1,2026_01_CHI_CAR,CHI,CAR,JohnJa13,Jaylon Johnson,DB,0,0,65,0.96,0,0,CHI,9,0,407,0.000,0.672,t,f,2026-09-17 03:26:47.306+00
2026,1,2026_01_CHI_CAR,CHI,CAR,StevTy01,Tyrique Stevenson,DB,0,0,54,0.79,1,0.03,CHI,15,0,626,0.000,0.658,t,f,2026-09-17 03:26:47.306+00
2026,1,2026_01_CHI_CAR,CHI,CAR,MuhaMa00,Malik Muhammad,DB,0,0,52,0.76,9,0.24,,0,0,0,,,f,f,2026-09-17 03:26:47.306+00
2026,1,2026_01_CHI_CAR,CHI,CAR,BlacJo00,Josh Blackwell,DB,0,0,0,0,28,0.76,CHI,17,0,3,0.000,0.004,t,f,2026-09-17 03:26:47.306+00
2026,1,2026_01_CHI_CAR,CHI,CAR,HickEl00,Elijah Hicks,DB,0,0,9,0.13,26,0.7,CHI,19,0,68,0.000,0.055,t,f,2026-09-17 03:26:47.306+00
2026,1,2026_01_CHI_CAR,CHI,CAR,ThomSk01,Skyler Thomas,DB,0,0,3,0.04,20,0.54,,0,0,0,,,f,f,2026-09-17 03:26:47.306+00
2026,1,2026_01_CHI_CAR,CHI,CAR,PhilCl00,Clark Phillips,DB,0,0,0,0,6,0.16,ATL,1,0,0,0.000,0.000,f,t,2026-09-17 03:26:47.306+00
2026,1,2026_01_CHI_CAR,CHI,CAR,JarrGr00,Grady Jarrett,DL,0,0,44,0.65,1,0.03,CHI,16,0,734,0.000,0.700,t,f,2026-09-17 03:26:47.306+00
2026,1,2026_01_CHI_CAR,CHI,CAR,OdeyDa00,Dayo Odeyingbo,DL,0,0,43,0.63,6,0.16,CHI,8,0,369,0.000,0.759,t,f,2026-09-17 03:26:47.306+00
2026,1,2026_01_CHI_CAR,CHI,CAR,SweaMo00,Montez Sweat,DL,0,0,43,0.63,1,0.03,CHI,19,0,901,0.000,0.738,t,f,2026-09-17 03:26:47.306+00
2026,1,2026_01_CHI_CAR,CHI,CAR,BookAu00,Austin Booker,DL,0,0,40,0.59,0,0,CHI,12,0,659,0.000,0.825,t,f,2026-09-17 03:26:47.306+00
2026,1,2026_01_CHI_CAR,CHI,CAR,StreKe00,Kentavius Street,DL,0,0,29,0.43,7,0.19,ATL,7,0,216,0.000,0.460,f,t,2026-09-17 03:26:47.306+00
2026,1,2026_01_CHI_CAR,CHI,CAR,GallNe00,Neville Gallimore,DL,0,0,29,0.43,6,0.16,IND,17,0,467,0.000,0.398,f,t,2026-09-17 03:26:47.306+00
2026,1,2026_01_CHI_CAR,CHI,CAR,HardDa01,Daniel Hardy,DL,0,0,7,0.1,26,0.7,CHI,19,2,54,0.002,0.044,t,f,2026-09-17 03:26:47.306+00
2026,1,2026_01_CHI_CAR,CHI,CAR,LyncJa00,James Lynch,DL,0,0,22,0.32,1,0.03,TEN,17,0,334,0.000,0.314,f,t,2026-09-17 03:26:47.306+00
2026,1,2026_01_CHI_CAR,CHI,CAR,vandJo00,Jordan van den Berg,DL,0,0,22,0.32,6,0.16,,0,0,0,,,f,f,2026-09-17 03:26:47.306+00
2026,1,2026_01_CHI_CAR,CHI,CAR,SantCa01,Cairo Santos,K,0,0,0,0,19,0.51,CHI,17,0,0,0.000,0.000,t,f,2026-09-17 03:26:47.306+00
2026,1,2026_01_CHI_CAR,CHI,CAR,EdwaTJ02,T.J. Edwards,LB,0,0,68,1,2,0.05,CHI,11,0,581,0.000,0.820,t,f,2026-09-17 03:26:47.306+00
2026,1,2026_01_CHI_CAR,CHI,CAR,BushDe01,Devin Bush Jr.,LB,0,0,65,0.96,1,0.03,CLE,17,0,871,0.000,0.828,f,t,2026-09-17 03:26:47.306+00
2026,1,2026_01_CHI_CAR,CHI,CAR,SanbJa00,Jack Sanborn,LB,0,0,0,0,27,0.73,DAL,6,0,230,0.000,0.560,f,t,2026-09-17 03:26:47.306+00
2026,1,2026_01_CHI_CAR,CHI,CAR,JackDM00,D'Marco Jackson,LB,0,0,20,0.29,8,0.22,CHI,18,0,371,0.000,0.324,t,f,2026-09-17 03:26:47.306+00
2026,1,2026_01_CHI_CAR,CHI,CAR,ElliKe03,Keyshaun Elliott,LB,0,0,0,0,18,0.49,,0,0,0,,,f,f,2026-09-17 03:26:47.306+00
2026,1,2026_01_CHI_CAR,CHI,CAR,GardBe01,Beau Gardner,LS,0,0,0,0,11,0.3,,0,0,0,,,f,f,2026-09-17 03:26:47.306+00
2026,1,2026_01_CHI_CAR,CHI,CAR,WrigDa00,Darnell Wright,OL,75,1,0,0,9,0.24,CHI,18,1233,0,0.989,0.000,t,f,2026-09-17 03:26:47.306+00
2026,1,2026_01_CHI_CAR,CHI,CAR,BradGa00,Garrett Bradbury,OL,75,1,0,0,0,0,NE,21,1336,0,0.983,0.000,f,t,2026-09-17 03:26:47.306+00
2026,1,2026_01_CHI_CAR,CHI,CAR,ThunJo00,Joe Thuney,OL,75,1,0,0,0,0,CHI,19,1308,0,0.996,0.000,t,f,2026-09-17 03:26:47.306+00
2026,1,2026_01_CHI_CAR,CHI,CAR,JackJo03,Jonah Jackson,OL,75,1,0,0,9,0.24,CHI,19,1292,0,0.983,0.000,t,f,2026-09-17 03:26:47.306+00
2026,1,2026_01_CHI_CAR,CHI,CAR,JoneBr08,Braxton Jones,OL,56,0.75,0,0,9,0.24,CHI,6,210,0,0.540,0.000,t,f,2026-09-17 03:26:47.306+00
2026,1,2026_01_CHI_CAR,CHI,CAR,BeneTh00,Theo Benedet,OL,19,0.25,0,0,9,0.24,CHI,18,585,0,0.479,0.000,t,f,2026-09-17 03:26:47.306+00
2026,1,2026_01_CHI_CAR,CHI,CAR,JoneLo01,Logan Jones,OL,0,0,0,0,9,0.24,,0,0,0,,,f,f,2026-09-17 03:26:47.306+00
2026,1,2026_01_CHI_CAR,CHI,CAR,NewmLu00,Luke Newman,OL,0,0,0,0,9,0.24,CHI,10,25,0,0.038,0.000,t,f,2026-09-17 03:26:47.306+00
2026,1,2026_01_CHI_CAR,CHI,CAR,TaylTo01,Tory Taylor,P,0,0,0,0,11,0.3,CHI,19,0,0,0.000,0.000,t,f,2026-09-17 03:26:47.306+00
2026,1,2026_01_CHI_CAR,CHI,CAR,WillCa03,Caleb Williams,QB,75,1,0,0,0,0,CHI,19,1302,0,0.992,0.000,t,f,2026-09-17 03:26:47.306+00
2026,1,2026_01_CHI_CAR,CHI,CAR,SwifDA00,D'Andre Swift,RB,43,0.57,0,0,0,0,CHI,18,710,0,0.577,0.000,t,f,2026-09-17 03:26:47.306+00
2026,1,2026_01_CHI_CAR,CHI,CAR,MonaKy00,Kyle Monangai,RB,32,0.43,0,0,0,0,CHI,19,544,0,0.409,0.000,t,f,2026-09-17 03:26:47.306+00
2026,1,2026_01_CHI_CAR,CHI,CAR,JohnRo07,Roschon Johnson,RB,0,0,0,0,21,0.57,CHI,7,4,0,0.009,0.000,t,f,2026-09-17 03:26:47.306+00
2026,1,2026_01_CHI_CAR,CHI,CAR,LoveCo00,Colston Loveland,TE,65,0.87,0,0,1,0.03,CHI,18,817,0,0.654,0.000,t,f,2026-09-17 03:26:47.306+00
2026,1,2026_01_CHI_CAR,CHI,CAR,KmetCo00,Cole Kmet,TE,43,0.57,0,0,10,0.27,CHI,18,873,0,0.708,0.000,t,f,2026-09-17 03:26:47.306+00
2026,1,2026_01_CHI_CAR,CHI,CAR,RousSa00,Sam Roush,TE,12,0.16,0,0,28,0.76,,0,0,0,,,f,f,2026-09-17 03:26:47.306+00
2026,1,2026_01_CHI_CAR,CHI,CAR,BurdLu00,Luther Burden,WR,55,0.73,0,0,1,0.03,CHI,17,494,0,0.418,0.000,t,f,2026-09-17 03:26:47.306+00
2026,1,2026_01_CHI_CAR,CHI,CAR,RaymKa00,Kalif Raymond,WR,45,0.6,0,0,4,0.11,DET,15,358,0,0.366,0.000,f,t,2026-09-17 03:26:47.306+00
2026,1,2026_01_CHI_CAR,CHI,CAR,OdunRo00,Rome Odunze,WR,36,0.48,0,0,1,0.03,CHI,14,849,0,0.859,0.000,t,f,2026-09-17 03:26:47.306+00
2026,1,2026_01_CHI_CAR,CHI,CAR,WalkJa03,Jahdae Walker,WR,34,0.45,0,0,16,0.43,CHI,9,86,0,0.151,0.000,t,f,2026-09-17 03:26:47.306+00
2026,1,2026_01_CHI_CAR,CHI,CAR,DaviKa02,Kaden Davis,WR,10,0.13,0,0,4,0.11,CLE,2,1,0,0.010,0.000,f,t,2026-09-17 03:26:47.306+00
2026,1,2026_01_CHI_CAR,CHI,CAR,ThomZa05,Zavion Thomas,WR,0,0,0,0,6,0.16,,0,0,0,,,f,f,2026-09-17 03:26:47.306+00
2026,1,2026_01_CLE_JAX,CLE,JAX,JenkEl00,Elgton Jenkins,C,51,1,0,0,0,0,GB,9,537,0,0.933,0.000,f,t,2026-09-17 03:26:47.483+00
2026,1,2026_01_CLE_JAX,CLE,JAX,WyplLu00,Luke Wypler,C,0,0,0,0,2,0.09,CLE,17,272,0,0.273,0.000,t,f,2026-09-17 03:26:47.483+00
2026,1,2026_01_CLE_JAX,CLE,JAX,WardDe02,Denzel Ward,CB,0,0,57,1,6,0.26,CLE,15,0,779,0.000,0.831,t,f,2026-09-17 03:26:47.483+00
2026,1,2026_01_CLE_JAX,CLE,JAX,CampTy01,Tyson Campbell,CB,0,0,57,1,6,0.26,CLE|JAX,17,0,965,0.000,0.892,t,f,2026-09-17 03:26:47.483+00
2026,1,2026_01_CLE_JAX,CLE,JAX,HardMy00,Myles Harden,CB,0,0,25,0.44,5,0.22,CLE,16,0,527,0.000,0.525,t,f,2026-09-17 03:26:47.483+00
2026,1,2026_01_CLE_JAX,CLE,JAX,RossDA03,D'Angelo Ross,CB,0,0,0,0,8,0.35,CLE|HOU,10,0,41,0.000,0.061,t,f,2026-09-17 03:26:47.483+00
2026,1,2026_01_CLE_JAX,CLE,JAX,BlacMe00,Mekhi Blackmon,CB,0,0,0,0,2,0.09,IND,17,0,783,0.000,0.689,f,t,2026-09-17 03:26:47.483+00
2026,1,2026_01_CLE_JAX,CLE,JAX,McGuIs00,Isaiah McGuire,DE,0,0,37,0.65,0,0,CLE,17,0,427,0.000,0.405,t,f,2026-09-17 03:26:47.483+00
2026,1,2026_01_CLE_JAX,CLE,JAX,VersJa00,Jared Verse,DE,0,0,37,0.65,6,0.26,LA,20,0,1026,0.000,0.766,f,t,2026-09-17 03:26:47.483+00
2026,1,2026_01_CLE_JAX,CLE,JAX,HuntAd00,Adin Huntington,DE,0,0,29,0.51,7,0.3,CLE,13,25,158,0.028,0.201,t,f,2026-09-17 03:26:47.483+00
2026,1,2026_01_CLE_JAX,CLE,JAX,WillSa00,Sam Williams,DE,0,0,23,0.4,6,0.26,DAL,17,0,474,0.000,0.426,f,t,2026-09-17 03:26:47.483+00
2026,1,2026_01_CLE_JAX,CLE,JAX,BarnDe01,Derek Barnett,DE,0,0,17,0.3,6,0.26,HOU,19,0,388,0.000,0.333,f,t,2026-09-17 03:26:47.483+00
2026,1,2026_01_CLE_JAX,CLE,JAX,GrahMa00,Mason Graham,DT,0,0,34,0.6,4,0.17,CLE,17,1,763,0.001,0.729,t,f,2026-09-17 03:26:47.483+00
2026,1,2026_01_CLE_JAX,CLE,JAX,HallMi00,Michael Hall,DT,0,0,29,0.51,2,0.09,CLE,9,0,178,0.000,0.294,t,f,2026-09-17 03:26:47.483+00
2026,1,2026_01_CLE_JAX,CLE,JAX,CollMa00,Maliek Collins,DT,0,0,22,0.39,0,0,CLE,12,0,473,0.000,0.643,t,f,2026-09-17 03:26:47.483+00
2026,1,2026_01_CLE_JAX,CLE,JAX,BurtMi00,Michael Burton,FB,6,0.12,0,0,10,0.43,,0,0,0,,,f,f,2026-09-17 03:26:47.483+00
2026,1,2026_01_CLE_JAX,CLE,JAX,JohnZi00,Zion Johnson,G,50,0.98,0,0,2,0.09,LAC,18,1132,0,0.944,0.000,f,t,2026-09-17 03:26:47.483+00
2026,1,2026_01_CLE_JAX,CLE,JAX,ZintZa00,Zak Zinter,G,1,0.02,0,0,2,0.09,CLE,5,45,0,0.164,0.000,t,f,2026-09-17 03:26:47.483+00
2026,1,2026_01_CLE_JAX,CLE,JAX,SzmyAn00,Andre Szmyt,K,0,0,0,0,5,0.22,CLE,17,0,0,0.000,0.000,t,f,2026-09-17 03:26:47.483+00
2026,1,2026_01_CLE_JAX,CLE,JAX,SchwCa00,Carson Schwesinger,LB,0,0,57,1,6,0.26,CLE,16,0,956,0.000,0.969,t,f,2026-09-17 03:26:47.483+00
2026,1,2026_01_CLE_JAX,CLE,JAX,WillQu01,Quincy Williams,LB,0,0,55,0.96,0,0,NYJ,13,0,784,0.000,0.897,f,t,2026-09-17 03:26:47.483+00
2026,1,2026_01_CLE_JAX,CLE,JAX,ReidWi01,Winston Reid,LB,0,0,1,0.02,21,0.91,,0,0,0,,,f,f,2026-09-17 03:26:47.483+00
2026,1,2026_01_CLE_JAX,CLE,JAX,MascEa00,Easton Mascarenas-Arnold,LB,0,0,19,0.33,15,0.65,CLE,16,2,12,0.002,0.012,t,f,2026-09-17 03:26:47.483+00
2026,1,2026_01_CLE_JAX,CLE,JAX,WatsNa00,Nathaniel Watson,LB,0,0,0,0,15,0.65,,0,0,0,,,f,f,2026-09-17 03:26:47.483+00
2026,1,2026_01_CLE_JAX,CLE,JAX,SunaRe00,Rex Sunahara,LS,0,0,0,0,5,0.22,CLE,17,0,0,0.000,0.000,t,f,2026-09-17 03:26:47.483+00
2026,1,2026_01_CLE_JAX,CLE,JAX,BojoCo00,Corey Bojorquez,P,0,0,0,0,5,0.22,CLE,17,0,0,0.000,0.000,t,f,2026-09-17 03:26:47.483+00
2026,1,2026_01_CLE_JAX,CLE,JAX,WatsDe00,Deshaun Watson,QB,51,1,0,0,0,0,,0,0,0,,,f,f,2026-09-17 03:26:47.483+00
2026,1,2026_01_CLE_JAX,CLE,JAX,JudkQu00,Quinshon Judkins,RB,33,0.65,0,0,0,0,CLE,14,452,0,0.505,0.000,t,f,2026-09-17 03:26:47.483+00
2026,1,2026_01_CLE_JAX,CLE,JAX,SandRa00,Raheim Sanders,RB,18,0.35,0,0,5,0.22,CLE,4,59,0,0.258,0.000,t,f,2026-09-17 03:26:47.483+00
2026,1,2026_01_CLE_JAX,CLE,JAX,SampDy00,Dylan Sampson,RB,0,0,0,0,2,0.09,CLE,15,249,0,0.265,0.000,t,f,2026-09-17 03:26:47.483+00
2026,1,2026_01_CLE_JAX,CLE,JAX,DelpGr00,Grant Delpit,S,0,0,57,1,6,0.26,CLE,17,0,1012,0.000,0.956,t,f,2026-09-17 03:26:47.483+00
2026,1,2026_01_CLE_JAX,CLE,JAX,HickRo00,Ronnie Hickman,S,0,0,57,1,6,0.26,CLE,17,0,1039,0.000,0.984,t,f,2026-09-17 03:26:47.483+00
2026,1,2026_01_CLE_JAX,CLE,JAX,McMiDo00,Donovan McMillon,S,0,0,0,0,15,0.65,CLE,17,0,24,0.000,0.023,t,f,2026-09-17 03:26:47.483+00
2026,1,2026_01_CLE_JAX,CLE,JAX,McNeEm00,Emmanuel McNeil-Warren,S,0,0,14,0.25,12,0.52,,0,0,0,,,f,f,2026-09-17 03:26:47.483+00
2026,1,2026_01_CLE_JAX,CLE,JAX,BarbAu00,Austin Barber,T,51,1,0,0,2,0.09,,0,0,0,,,f,f,2026-09-17 03:26:47.483+00
2026,1,2026_01_CLE_JAX,CLE,JAX,FanoSp00,Spencer Fano,T,51,1,0,0,2,0.09,,0,0,0,,,f,f,2026-09-17 03:26:47.483+00
2026,1,2026_01_CLE_JAX,CLE,JAX,HowaTy00,Tytus Howard,T,51,1,0,0,2,0.09,HOU,18,1162,0,0.948,0.000,f,t,2026-09-17 03:26:47.483+00
2026,1,2026_01_CLE_JAX,CLE,JAX,JoneDa07,Dawand Jones,T,0,0,0,0,2,0.09,CLE,3,143,0,0.640,0.000,t,f,2026-09-17 03:26:47.483+00
2026,1,2026_01_CLE_JAX,CLE,JAX,FannHa00,Harold Fannin,TE,42,0.82,0,0,0,0,CLE,16,786,0,0.759,0.000,t,f,2026-09-17 03:26:47.483+00
2026,1,2026_01_CLE_JAX,CLE,JAX,WhitBl01,Blake Whiteheart,TE,20,0.39,0,0,12,0.52,CLE,17,245,0,0.237,0.000,t,f,2026-09-17 03:26:47.483+00
2026,1,2026_01_CLE_JAX,CLE,JAX,RyanCa00,Carsen Ryan,TE,0,0,0,0,13,0.57,,0,0,0,,,f,f,2026-09-17 03:26:47.483+00
2026,1,2026_01_CLE_JAX,CLE,JAX,BostDe00,Denzel Boston,WR,47,0.92,0,0,1,0.04,,0,0,0,,,f,f,2026-09-17 03:26:47.483+00
2026,1,2026_01_CLE_JAX,CLE,JAX,ConcKC00,KC Concepcion,WR,35,0.69,0,0,1,0.04,,0,0,0,,,f,f,2026-09-17 03:26:47.483+00
2026,1,2026_01_CLE_JAX,CLE,JAX,JeudJe00,Jerry Jeudy,WR,32,0.63,0,0,0,0,CLE,17,921,0,0.845,0.000,t,f,2026-09-17 03:26:47.483+00
2026,1,2026_01_CLE_JAX,CLE,JAX,CorlMa00,Malachi Corley,WR,0,0,0,0,15,0.65,CLE,13,194,0,0.249,0.000,t,f,2026-09-17 03:26:47.483+00
2026,1,2026_01_CLE_JAX,CLE,JAX,WallTy00,Tylan Wallace,WR,15,0.29,0,0,11,0.48,BAL,14,185,0,0.231,0.000,f,t,2026-09-17 03:26:47.483+00
2026,1,2026_01_CLE_JAX,CLE,JAX,BondIs00,Isaiah Bond,WR,7,0.14,0,0,0,0,CLE,16,494,0,0.481,0.000,t,f,2026-09-17 03:26:47.483+00
2026,1,2026_01_CLE_JAX,JAX,CLE,BrowMo00,Montaric Brown,CB,0,0,38,0.75,9,0.39,JAX,16,0,794,0.000,0.771,t,f,2026-09-17 03:26:47.306+00
2026,1,2026_01_CLE_JAX,JAX,CLE,JoneJa14,Jarrian Jones,CB,0,0,37,0.73,4,0.17,JAX,18,0,571,0.000,0.495,t,f,2026-09-17 03:26:47.306+00
2026,1,2026_01_CLE_JAX,JAX,CLE,LewiJo01,Jourdan Lewis,CB,0,0,28,0.55,0,0,JAX,12,0,612,0.000,0.789,t,f,2026-09-17 03:26:47.483+00
2026,1,2026_01_CLE_JAX,JAX,CLE,BrasCh00,Christian Braswell,CB,0,0,6,0.12,5,0.22,JAX,18,0,159,0.000,0.142,t,f,2026-09-17 03:26:47.483+00
2026,1,2026_01_CLE_JAX,JAX,CLE,AlleJo03,Josh Hines-Allen,DE,0,0,38,0.75,1,0.04,JAX,18,0,902,0.000,0.778,t,f,2026-09-17 03:26:47.306+00
2026,1,2026_01_CLE_JAX,JAX,CLE,WalkTr03,Travon Walker,DE,0,0,34,0.67,1,0.04,JAX,15,0,584,0.000,0.615,t,f,2026-09-17 03:26:47.306+00
2026,1,2026_01_CLE_JAX,JAX,CLE,StriDa01,Danny Striggow,DE,0,0,24,0.47,5,0.22,JAX,11,0,144,0.000,0.198,t,f,2026-09-17 03:26:47.483+00
2026,1,2026_01_CLE_JAX,JAX,CLE,GreeBJ00,B.J. Green,DE,0,0,0,0,3,0.13,JAX,15,0,106,0.000,0.111,t,f,2026-09-17 03:26:47.483+00
2026,1,2026_01_CLE_JAX,JAX,CLE,ArmsAr01,Arik Armstead,DT,0,0,29,0.57,0,0,JAX,17,0,661,0.000,0.601,t,f,2026-09-17 03:26:47.306+00
2026,1,2026_01_CLE_JAX,JAX,CLE,HamiDa02,DaVon Hamilton,DT,0,0,19,0.37,1,0.04,JAX,18,0,516,0.000,0.441,t,f,2026-09-17 03:26:47.483+00
2026,1,2026_01_CLE_JAX,JAX,CLE,DickMa00,Matt Dickerson,DT,0,0,18,0.35,7,0.3,JAX,9,0,217,0.000,0.386,t,f,2026-09-17 03:26:47.483+00
2026,1,2026_01_CLE_JAX,JAX,CLE,OrhoRu00,Ruke Orhorhoro,DT,0,0,18,0.35,1,0.04,ATL,17,0,599,0.000,0.536,f,t,2026-09-17 03:26:47.483+00
2026,1,2026_01_CLE_JAX,JAX,CLE,RegiAl00,Albert Regis,DT,0,0,12,0.24,0,0,,0,0,0,,,f,f,2026-09-17 03:26:47.483+00
2026,1,2026_01_CLE_JAX,JAX,CLE,LittCa00,Cam Little,K,0,0,0,0,13,0.57,JAX,18,0,0,0.000,0.000,t,f,2026-09-17 03:26:47.483+00
2026,1,2026_01_CLE_JAX,JAX,CLE,OluoFo00,Foyesade Oluokun,LB,0,0,34,0.67,1,0.04,JAX,18,0,1099,0.000,0.947,t,f,2026-09-17 03:26:47.306+00
2026,1,2026_01_CLE_JAX,JAX,CLE,MillVe00,Ventrell Miller,LB,0,0,33,0.65,10,0.43,JAX,18,0,220,0.000,0.190,t,f,2026-09-17 03:26:47.306+00
2026,1,2026_01_CLE_JAX,JAX,CLE,GardDe01,Dennis Gardeck,LB,0,0,26,0.51,17,0.74,JAX,18,0,446,0.000,0.386,t,f,2026-09-17 03:26:47.483+00
2026,1,2026_01_CLE_JAX,JAX,CLE,TavaJa00,Jahlani Tavai,LB,0,0,6,0.12,16,0.7,NE,16,0,287,0.000,0.299,f,t,2026-09-17 03:26:47.483+00
2026,1,2026_01_CLE_JAX,JAX,CLE,CombBr00,Branson Combs,LB,0,0,15,0.29,13,0.57,JAX,11,0,28,0.000,0.042,t,f,2026-09-17 03:26:47.483+00
2026,1,2026_01_CLE_JAX,JAX,CLE,MatiRo00,Ross Matiscik,LS,0,0,0,0,8,0.35,JAX,18,0,0,0.000,0.000,t,f,2026-09-17 03:26:47.483+00
2026,1,2026_01_CLE_JAX,JAX,CLE,HarrAn00,Anton Harrison,OL,57,1,0,0,6,0.26,JAX,16,1029,0,0.959,0.000,t,f,2026-09-17 03:26:47.306+00
2026,1,2026_01_CLE_JAX,JAX,CLE,PregEm00,Emmanuel Pregnon,OL,57,1,0,0,6,0.26,,0,0,0,,,f,f,2026-09-17 03:26:47.306+00
2026,1,2026_01_CLE_JAX,JAX,CLE,ClevEz00,Ezra Cleveland,OL,50,0.88,0,0,6,0.26,JAX,17,1112,0,0.972,0.000,t,f,2026-09-17 03:26:47.306+00
2026,1,2026_01_CLE_JAX,JAX,CLE,HainRo00,Robert Hainsey,OL,50,0.88,0,0,0,0,JAX,16,1006,0,0.946,0.000,t,f,2026-09-17 03:26:47.306+00
2026,1,2026_01_CLE_JAX,JAX,CLE,VanxCo00,Cole Van Lanen,OL,36,0.63,0,0,0,0,JAX,16,632,0,0.602,0.000,t,f,2026-09-17 03:26:47.306+00
2026,1,2026_01_CLE_JAX,JAX,CLE,LittWa00,Walker Little,OL,21,0.37,0,0,6,0.26,JAX,16,1025,0,0.947,0.000,t,f,2026-09-17 03:26:47.306+00
2026,1,2026_01_CLE_JAX,JAX,CLE,MiluWy00,Wyatt Milum,OL,9,0.16,0,0,6,0.26,JAX,11,111,0,0.161,0.000,t,f,2026-09-17 03:26:47.306+00
2026,1,2026_01_CLE_JAX,JAX,CLE,MonhJo00,Jonah Monheim,OL,7,0.12,0,0,6,0.26,JAX,18,207,0,0.166,0.000,t,f,2026-09-17 03:26:47.306+00
2026,1,2026_01_CLE_JAX,JAX,CLE,CookLo00,Logan Cooke,P,0,0,0,0,8,0.35,JAX,18,0,0,0.000,0.000,t,f,2026-09-17 03:26:47.483+00
2026,1,2026_01_CLE_JAX,JAX,CLE,LawrTr00,Trevor Lawrence,QB,50,0.88,0,0,0,0,JAX,18,1170,0,0.969,0.000,t,f,2026-09-17 03:26:47.306+00
2026,1,2026_01_CLE_JAX,JAX,CLE,MullNi00,Nick Mullens,QB,7,0.12,0,0,0,0,JAX,5,36,0,0.112,0.000,t,f,2026-09-17 03:26:47.306+00
2026,1,2026_01_CLE_JAX,JAX,CLE,TuteBh00,Bhayshul Tuten,RB,28,0.49,0,0,0,0,JAX,16,231,0,0.216,0.000,t,f,2026-09-17 03:26:47.306+00
2026,1,2026_01_CLE_JAX,JAX,CLE,RodrCh00,Chris Rodriguez,RB,23,0.4,0,0,0,0,WAS,13,255,0,0.312,0.000,f,t,2026-09-17 03:26:47.306+00
2026,1,2026_01_CLE_JAX,JAX,CLE,AbduAm00,Ameer Abdullah,RB,5,0.09,0,0,8,0.35,IND,13,86,0,0.105,0.000,f,t,2026-09-17 03:26:47.306+00
2026,1,2026_01_CLE_JAX,JAX,CLE,AlleLe01,LeQuint Allen,RB,1,0.02,0,0,0,0,JAX,18,270,0,0.224,0.000,t,f,2026-09-17 03:26:47.306+00
2026,1,2026_01_CLE_JAX,JAX,CLE,JohnAn07,Antonio Johnson,S,0,0,45,0.88,0,0,JAX,18,0,700,0.000,0.599,t,f,2026-09-17 03:26:47.306+00
2026,1,2026_01_CLE_JAX,JAX,CLE,RansCa00,Caleb Ransaw,S,0,0,33,0.65,15,0.65,,0,0,0,,,f,f,2026-09-17 03:26:47.306+00
2026,1,2026_01_CLE_JAX,JAX,CLE,MurrEr00,Eric Murray,S,0,0,33,0.65,7,0.3,JAX,13,0,661,0.000,0.800,t,f,2026-09-17 03:26:47.306+00
2026,1,2026_01_CLE_JAX,JAX,CLE,LaneRa00,Rayuan Lane,S,0,0,6,0.12,17,0.74,JAX,18,0,117,0.000,0.098,t,f,2026-09-17 03:26:47.483+00
2026,1,2026_01_CLE_JAX,JAX,CLE,StraBr00,Brenton Strange,TE,39,0.68,0,0,0,0,JAX,13,640,0,0.758,0.000,t,f,2026-09-17 03:26:47.306+00
2026,1,2026_01_CLE_JAX,JAX,CLE,BoerNa00,Nate Boerkircher,TE,38,0.67,0,0,3,0.13,,0,0,0,,,f,f,2026-09-17 03:26:47.306+00
2026,1,2026_01_CLE_JAX,JAX,CLE,MorrQu00,Quintin Morris,TE,24,0.42,0,0,20,0.87,JAX,15,220,0,0.225,0.000,t,f,2026-09-17 03:26:47.306+00
2026,1,2026_01_CLE_JAX,JAX,CLE,MeyeJa01,Jakobi Meyers,WR,37,0.65,0,0,0,0,JAX|LV,17,926,0,0.856,0.000,t,f,2026-09-17 03:26:47.306+00
2026,1,2026_01_CLE_JAX,JAX,CLE,WashPa01,Parker Washington,WR,35,0.61,0,0,3,0.13,JAX,17,712,0,0.619,0.000,t,f,2026-09-17 03:26:47.306+00
2026,1,2026_01_CLE_JAX,JAX,CLE,HuntTr00,Travis Hunter,WR,4,0.07,29,0.57,0,0,JAX,7,324,162,0.663,0.360,t,f,2026-09-17 03:26:47.306+00
2026,1,2026_01_CLE_JAX,JAX,CLE,ThomBr06,Brian Thomas,WR,20,0.35,0,0,0,0,JAX,15,784,0,0.776,0.000,t,f,2026-09-17 03:26:47.306+00
2026,1,2026_01_CLE_JAX,JAX,CLE,CameJo01,Josh Cameron,WR,19,0.33,0,0,15,0.65,,0,0,0,,,f,f,2026-09-17 03:26:47.306+00
2026,1,2026_01_CLE_JAX,JAX,CLE,WillCJ00,CJ Williams,WR,10,0.18,0,0,6,0.26,,0,0,0,,,f,f,2026-09-17 03:26:47.306+00
2026,1,2026_01_DAL_NYG,DAL,NYG,BeebCo00,Cooper Beebe,C,58,1,0,0,0,0,DAL,11,767,0,0.977,0.000,t,f,2026-09-17 03:26:47.483+00
2026,1,2026_01_DAL_NYG,DAL,NYG,BlanDa00,DaRon Bland,CB,0,0,69,1,0,0,DAL,12,0,746,0.000,0.941,t,f,2026-09-17 03:26:47.483+00
2026,1,2026_01_DAL_NYG,DAL,NYG,DuraDe01,Cobie Durant,CB,0,0,50,0.72,0,0,LA,20,0,985,0.000,0.742,f,t,2026-09-17 03:26:47.483+00
2026,1,2026_01_DAL_NYG,DAL,NYG,ReveSh00,Shavon Revel,CB,0,0,20,0.29,8,0.42,DAL,7,0,334,0.000,0.811,t,f,2026-09-17 03:26:47.483+00
2026,1,2026_01_DAL_NYG,DAL,NYG,SpeeAm00,Ameer Speed,CB,0,0,0,0,16,0.84,HOU,2,0,0,0.000,0.000,f,t,2026-09-17 03:26:47.483+00
2026,1,2026_01_DAL_NYG,DAL,NYG,DownCa00,Caleb Downs,DB,0,0,61,0.88,4,0.21,,0,0,0,,,f,f,2026-09-17 03:26:47.483+00
2026,1,2026_01_DAL_NYG,DAL,NYG,WillQu00,Quinnen Williams,DT,0,0,53,0.77,4,0.21,DAL|NYJ,15,0,640,0.000,0.687,t,f,2026-09-17 03:26:47.483+00
2026,1,2026_01_DAL_NYG,DAL,NYG,ClarKe01,Kenny Clark,DT,0,0,50,0.72,0,0,DAL,17,0,748,0.000,0.678,t,f,2026-09-17 03:26:47.483+00
2026,1,2026_01_DAL_NYG,DAL,NYG,OgboOt00,Otito Ogbonnia,DT,0,0,40,0.58,4,0.21,LAC,10,0,159,0.000,0.261,f,t,2026-09-17 03:26:47.483+00
2026,1,2026_01_DAL_NYG,DAL,NYG,BullJo00,Jonathan Bullard,DT,0,0,29,0.42,0,0,NO,15,0,327,0.000,0.338,f,t,2026-09-17 03:26:47.483+00
2026,1,2026_01_DAL_NYG,DAL,NYG,OverLT00,LT Overton,DT,0,0,18,0.26,5,0.26,,0,0,0,,,f,f,2026-09-17 03:26:47.483+00
2026,1,2026_01_DAL_NYG,DAL,NYG,LuepHu00,Hunter Luepke,FB,15,0.26,0,0,9,0.47,DAL,17,251,0,0.211,0.000,t,f,2026-09-17 03:26:47.483+00
2026,1,2026_01_DAL_NYG,DAL,NYG,BassTJ00,T.J. Bass,G,58,1,0,0,3,0.16,DAL,16,351,0,0.327,0.000,t,f,2026-09-17 03:26:47.483+00
2026,1,2026_01_DAL_NYG,DAL,NYG,BookTy00,Tyler Booker,G,58,1,0,0,3,0.16,DAL,14,1002,0,1.000,0.000,t,f,2026-09-17 03:26:47.483+00
2026,1,2026_01_DAL_NYG,DAL,NYG,AubrBr00,Brandon Aubrey,K,0,0,0,0,7,0.37,DAL,17,0,0,0.000,0.000,t,f,2026-09-17 03:26:47.483+00
2026,1,2026_01_DAL_NYG,DAL,NYG,OverDe00,DeMarvion Overshown,LB,0,0,51,0.74,3,0.16,DAL,6,0,218,0.000,0.598,t,f,2026-09-17 03:26:47.483+00
2026,1,2026_01_DAL_NYG,DAL,NYG,EzeiDo00,Donovan Ezeiruaku,LB,0,0,42,0.61,4,0.21,DAL,17,0,604,0.000,0.551,t,f,2026-09-17 03:26:47.483+00
2026,1,2026_01_DAL_NYG,DAL,NYG,GaryRa00,Rashan Gary,LB,0,0,41,0.59,0,0,GB,17,0,697,0.000,0.622,f,t,2026-09-17 03:26:47.483+00
2026,1,2026_01_DAL_NYG,DAL,NYG,WintDe00,Dee Winters,LB,0,0,40,0.58,1,0.05,SF,18,0,1038,0.000,0.921,f,t,2026-09-17 03:26:47.483+00
2026,1,2026_01_DAL_NYG,DAL,NYG,BarhJa01,Jaishawn Barham,LB,0,0,34,0.49,4,0.21,,0,0,0,,,f,f,2026-09-17 03:26:47.483+00
2026,1,2026_01_DAL_NYG,DAL,NYG,LawrMa01,Malachi Lawrence,LB,0,0,30,0.43,6,0.32,,0,0,0,,,f,f,2026-09-17 03:26:47.483+00
2026,1,2026_01_DAL_NYG,DAL,NYG,JameSh00,Shemar James,LB,0,0,1,0.01,16,0.84,DAL,14,0,544,0.000,0.586,t,f,2026-09-17 03:26:47.483+00
2026,1,2026_01_DAL_NYG,DAL,NYG,MillVo00,Von Miller,LB,0,0,11,0.16,0,0,WAS,17,0,420,0.000,0.369,f,t,2026-09-17 03:26:47.483+00
2026,1,2026_01_DAL_NYG,DAL,NYG,HousJa01,James Houston,LB,0,0,10,0.14,10,0.53,DAL,17,0,307,0.000,0.276,t,f,2026-09-17 03:26:47.483+00
2026,1,2026_01_DAL_NYG,DAL,NYG,SiegTr00,Trent Sieg,LS,0,0,0,0,5,0.26,DAL,17,0,0,0.000,0.000,t,f,2026-09-17 03:26:47.483+00
2026,1,2026_01_DAL_NYG,DAL,NYG,LeveNi00,Nick Leverett,OL,0,0,0,0,3,0.16,DAL,1,0,0,0.000,0.000,t,f,2026-09-17 03:26:47.483+00
2026,1,2026_01_DAL_NYG,DAL,NYG,AngeBr00,Bryan Anger,P,0,0,0,0,5,0.26,DAL,17,0,0,0.000,0.000,t,f,2026-09-17 03:26:47.483+00
2026,1,2026_01_DAL_NYG,DAL,NYG,PresDa01,Dak Prescott,QB,58,1,0,0,0,0,DAL,17,1135,0,0.951,0.000,t,f,2026-09-17 03:26:47.483+00
2026,1,2026_01_DAL_NYG,DAL,NYG,WillJa10,Javonte Williams,RB,41,0.71,0,0,0,0,DAL,16,769,0,0.690,0.000,t,f,2026-09-17 03:26:47.483+00
2026,1,2026_01_DAL_NYG,DAL,NYG,DemeEm00,Emari Demercado,RB,5,0.09,0,0,0,0,ARI,13,196,0,0.232,0.000,f,t,2026-09-17 03:26:47.483+00
2026,1,2026_01_DAL_NYG,DAL,NYG,ThomJa04,Jalen Thompson,S,0,0,69,1,0,0,ARI,15,0,980,0.000,0.978,f,t,2026-09-17 03:26:47.483+00
2026,1,2026_01_DAL_NYG,DAL,NYG,LockPJ00,P.J. Locke,S,0,0,28,0.41,11,0.58,DEN,18,0,302,0.000,0.262,f,t,2026-09-17 03:26:47.483+00
2026,1,2026_01_DAL_NYG,DAL,NYG,ClarAl01,Alijah Clark,S,0,0,0,0,16,0.84,DAL,11,0,40,0.000,0.057,t,f,2026-09-17 03:26:47.483+00
2026,1,2026_01_DAL_NYG,DAL,NYG,BellMa01,Markquese Bell,S,0,0,0,0,16,0.84,DAL,17,0,356,0.000,0.328,t,f,2026-09-17 03:26:47.483+00
2026,1,2026_01_DAL_NYG,DAL,NYG,HookMa00,Malik Hooker,S,0,0,12,0.17,0,0,DAL,12,0,594,0.000,0.792,t,f,2026-09-17 03:26:47.483+00
2026,1,2026_01_DAL_NYG,DAL,NYG,SteeTe01,Terence Steele,T,58,1,0,0,3,0.16,DAL,17,1162,0,0.979,0.000,t,f,2026-09-17 03:26:47.483+00
2026,1,2026_01_DAL_NYG,DAL,NYG,GuytTy00,Tyler Guyton,T,58,1,0,0,3,0.16,DAL,10,650,0,0.935,0.000,t,f,2026-09-17 03:26:47.483+00
2026,1,2026_01_DAL_NYG,DAL,NYG,JoneBr09,Broderick Jones,T,0,0,0,0,3,0.16,PIT,11,632,0,0.971,0.000,f,t,2026-09-17 03:26:47.483+00
2026,1,2026_01_DAL_NYG,DAL,NYG,ShelDr00,Drew Shelton,T,3,0.05,0,0,3,0.16,,0,0,0,,,f,f,2026-09-17 03:26:47.483+00
2026,1,2026_01_DAL_NYG,DAL,NYG,FergJa00,Jake Ferguson,TE,44,0.76,0,0,0,0,DAL,17,786,0,0.667,0.000,t,f,2026-09-17 03:26:47.483+00
2026,1,2026_01_DAL_NYG,DAL,NYG,SpanBr00,Brevyn Spann-Ford,TE,13,0.22,0,0,11,0.58,DAL,17,300,0,0.249,0.000,t,f,2026-09-17 03:26:47.483+00
2026,1,2026_01_DAL_NYG,DAL,NYG,SchoLu00,Luke Schoonmaker,TE,13,0.22,0,0,10,0.53,DAL,17,391,0,0.329,0.000,t,f,2026-09-17 03:26:47.483+00
2026,1,2026_01_DAL_NYG,DAL,NYG,PickGe00,George Pickens,WR,49,0.84,0,0,0,0,DAL,17,968,0,0.811,0.000,t,f,2026-09-17 03:26:47.483+00
2026,1,2026_01_DAL_NYG,DAL,NYG,LambCe00,CeeDee Lamb,WR,47,0.81,0,0,0,0,DAL,14,732,0,0.729,0.000,t,f,2026-09-17 03:26:47.483+00
2026,1,2026_01_DAL_NYG,DAL,NYG,FlouRy00,Ryan Flournoy,WR,41,0.71,0,0,0,0,DAL,16,479,0,0.448,0.000,t,f,2026-09-17 03:26:47.483+00
2026,1,2026_01_DAL_NYG,DAL,NYG,MingJo00,Jonathan Mingo,WR,11,0.19,0,0,6,0.32,DAL,6,80,0,0.207,0.000,t,f,2026-09-17 03:26:47.483+00
2026,1,2026_01_DAL_NYG,DAL,NYG,TurpKa00,KaVontae Turpin,WR,8,0.14,0,0,6,0.32,DAL,15,380,0,0.355,0.000,t,f,2026-09-17 03:26:47.483+00
2026,1,2026_01_DAL_NYG,NYG,DAL,MichJo00,John Michael Schmitz,C,69,1,0,0,0,0,NYG,13,788,0,0.909,0.000,t,f,2026-09-17 03:26:47.483+00
2026,1,2026_01_DAL_NYG,NYG,DAL,HudsBr00,Bryan Hudson,C,0,0,0,0,4,0.21,NYG,2,3,0,0.025,0.000,t,f,2026-09-17 03:26:47.483+00
2026,1,2026_01_DAL_NYG,NYG,DAL,NewsGr00,Greg Newsome II,CB,0,0,52,0.9,3,0.16,CLE|JAX,18,0,802,0.000,0.709,f,t,2026-09-17 03:26:47.483+00
2026,1,2026_01_DAL_NYG,NYG,DAL,PhilAn02,Andru Phillips,CB,0,0,48,0.83,0,0,NYG,17,0,729,0.000,0.646,t,f,2026-09-17 03:26:47.483+00
2026,1,2026_01_DAL_NYG,NYG,DAL,BankDe00,Deonte Banks,CB,0,0,48,0.83,3,0.16,NYG,16,0,461,0.000,0.447,t,f,2026-09-17 03:26:47.483+00
2026,1,2026_01_DAL_NYG,NYG,DAL,HoodCo00,Colton Hood,CB,0,0,6,0.1,12,0.63,,0,0,0,,,f,f,2026-09-17 03:26:47.483+00
2026,1,2026_01_DAL_NYG,NYG,DAL,AdebPa00,Paulson Adebo,CB,0,0,10,0.17,8,0.42,NYG,12,0,759,0.000,0.958,t,f,2026-09-17 03:26:47.483+00
2026,1,2026_01_DAL_NYG,NYG,DAL,CampEl00,Elijah Campbell,DB,0,0,0,0,15,0.79,MIA,10,0,16,0.000,0.027,f,t,2026-09-17 03:26:47.483+00
2026,1,2026_01_DAL_NYG,NYG,DAL,GolsCh00,Chauncey Golston,DL,0,0,28,0.48,13,0.68,NYG,10,0,174,0.000,0.274,t,f,2026-09-17 03:26:47.483+00
2026,1,2026_01_DAL_NYG,NYG,DAL,ReadD.00,D.J. Reader,DL,0,0,27,0.47,1,0.05,DET,17,0,583,0.000,0.537,f,t,2026-09-17 03:26:47.483+00
2026,1,2026_01_DAL_NYG,NYG,DAL,HarrSh00,Shelby Harris,DL,0,0,26,0.45,4,0.21,CLE,17,0,509,0.000,0.484,f,t,2026-09-17 03:26:47.483+00
2026,1,2026_01_DAL_NYG,NYG,DAL,AlexDa01,Darius Alexander,DL,0,0,18,0.31,0,0,NYG,16,0,395,0.000,0.387,t,f,2026-09-17 03:26:47.483+00
2026,1,2026_01_DAL_NYG,NYG,DAL,RicaPa00,Patrick Ricard,FB,37,0.54,0,0,0,0,BAL,11,274,0,0.406,0.000,f,t,2026-09-17 03:26:47.483+00
2026,1,2026_01_DAL_NYG,NYG,DAL,RunyJo00,Jon Runyan Jr.,G,69,1,0,0,4,0.21,NYG,16,1094,0,1.000,0.000,t,f,2026-09-17 03:26:47.483+00
2026,1,2026_01_DAL_NYG,NYG,DAL,ZvadDo00,Dominic Zvada,K,0,0,0,0,9,0.47,,0,0,0,,,f,f,2026-09-17 03:26:47.483+00
2026,1,2026_01_DAL_NYG,NYG,DAL,ReesAr00,Arvell Reese,LB,0,0,58,1,3,0.16,,0,0,0,,,f,f,2026-09-17 03:26:47.483+00
2026,1,2026_01_DAL_NYG,NYG,DAL,EdmuTr01,Tremaine Edmunds,LB,0,0,58,1,0,0,CHI,15,0,959,0.000,0.973,f,t,2026-09-17 03:26:47.483+00
2026,1,2026_01_DAL_NYG,NYG,DAL,CartAb00,Abdul Carter,LB,0,0,53,0.91,0,0,NYG,17,0,843,0.000,0.762,t,f,2026-09-17 03:26:47.483+00
2026,1,2026_01_DAL_NYG,NYG,DAL,BurnBr00,Brian Burns,LB,0,0,49,0.84,3,0.16,NYG,17,0,862,0.000,0.771,t,f,2026-09-17 03:26:47.483+00
2026,1,2026_01_DAL_NYG,NYG,DAL,ThibKa00,Kayvon Thibodeaux,LB,0,0,27,0.47,3,0.16,NYG,10,0,494,0.000,0.714,t,f,2026-09-17 03:26:47.483+00
2026,1,2026_01_DAL_NYG,NYG,DAL,HarrMa06,Malik Harrison,LB,0,0,0,0,15,0.79,PIT,12,0,319,0.000,0.416,f,t,2026-09-17 03:26:47.483+00
2026,1,2026_01_DAL_NYG,NYG,DAL,KellJa00,Jack Kelly,LB,0,0,0,0,14,0.74,,0,0,0,,,f,f,2026-09-17 03:26:47.483+00
2026,1,2026_01_DAL_NYG,NYG,DAL,BarnZa00,Zaire Barnes,LB,0,0,0,0,12,0.63,NYG,11,0,92,0.000,0.125,t,f,2026-09-17 03:26:47.483+00
2026,1,2026_01_DAL_NYG,NYG,DAL,McFaMi01,Micah McFadden,LB,0,0,0,0,11,0.58,NYG,1,0,11,0.000,0.160,t,f,2026-09-17 03:26:47.483+00
2026,1,2026_01_DAL_NYG,NYG,DAL,MannBe00,Ben Mann,LS,0,0,0,0,5,0.26,,0,0,0,,,f,f,2026-09-17 03:26:47.483+00
2026,1,2026_01_DAL_NYG,NYG,DAL,MauiFr01,Francis Mauigoa,OL,69,1,0,0,4,0.21,,0,0,0,,,f,f,2026-09-17 03:26:47.483+00
2026,1,2026_01_DAL_NYG,NYG,DAL,ElueJe00,Jermaine Eluemunor,OL,69,1,0,0,4,0.21,NYG,16,1088,0,0.995,0.000,t,f,2026-09-17 03:26:47.483+00
2026,1,2026_01_DAL_NYG,NYG,DAL,StinAa00,Aaron Stinnie,OL,1,0.01,0,0,4,0.21,NYG,17,60,0,0.062,0.000,t,f,2026-09-17 03:26:47.483+00
2026,1,2026_01_DAL_NYG,NYG,DAL,MbowMa00,Marcus Mbow,OL,0,0,0,0,4,0.21,NYG,13,324,0,0.387,0.000,t,f,2026-09-17 03:26:47.483+00
2026,1,2026_01_DAL_NYG,NYG,DAL,StouJo00,Jordan Stout,P,0,0,0,0,5,0.26,BAL,17,0,0,0.000,0.000,f,t,2026-09-17 03:26:47.483+00
2026,1,2026_01_DAL_NYG,NYG,DAL,DartJa00,Jaxson Dart,QB,69,1,0,0,0,0,NYG,14,774,0,0.836,0.000,t,f,2026-09-17 03:26:47.483+00
2026,1,2026_01_DAL_NYG,NYG,DAL,SkatCa00,Cam Skattebo,RB,42,0.61,0,0,0,0,NYG,8,295,0,0.523,0.000,t,f,2026-09-17 03:26:47.483+00
2026,1,2026_01_DAL_NYG,NYG,DAL,SingDe00,Devin Singletary,RB,25,0.36,0,0,0,0,NYG,17,311,0,0.276,0.000,t,f,2026-09-17 03:26:47.483+00
2026,1,2026_01_DAL_NYG,NYG,DAL,TracTy00,Tyrone Tracy Jr.,RB,2,0.03,0,0,9,0.47,NYG,15,548,0,0.545,0.000,t,f,2026-09-17 03:26:47.483+00
2026,1,2026_01_DAL_NYG,NYG,DAL,HollJe02,Jevon Holland,S,0,0,58,1,1,0.05,NYG,14,0,833,0.000,0.896,t,f,2026-09-17 03:26:47.483+00
2026,1,2026_01_DAL_NYG,NYG,DAL,NubiTy00,Tyler Nubin,S,0,0,58,1,4,0.21,NYG,13,0,811,0.000,0.919,t,f,2026-09-17 03:26:47.483+00
2026,1,2026_01_DAL_NYG,NYG,DAL,WashAr00,Ar'Darius Washington,S,0,0,1,0.02,7,0.37,BAL,4,0,61,0.000,0.220,f,t,2026-09-17 03:26:47.483+00
2026,1,2026_01_DAL_NYG,NYG,DAL,ThomAn02,Andrew Thomas,T,69,1,0,0,0,0,NYG,13,802,0,0.906,0.000,t,f,2026-09-17 03:26:47.483+00
2026,1,2026_01_DAL_NYG,NYG,DAL,LikeIs00,Isaiah Likely,TE,34,0.49,0,0,0,0,BAL,14,487,0,0.559,0.000,f,t,2026-09-17 03:26:47.483+00
2026,1,2026_01_DAL_NYG,NYG,DAL,JohnTh00,Theo Johnson,TE,32,0.46,0,0,7,0.37,NYG,15,872,0,0.867,0.000,t,f,2026-09-17 03:26:47.483+00
2026,1,2026_01_DAL_NYG,NYG,DAL,ManhCh00,Chris Manhertz,TE,24,0.35,0,0,8,0.42,NYG,17,208,0,0.178,0.000,t,f,2026-09-17 03:26:47.483+00
2026,1,2026_01_DAL_NYG,NYG,DAL,FielMa00,Malachi Fields,WR,50,0.72,0,0,0,0,,0,0,0,,,f,f,2026-09-17 03:26:47.483+00
2026,1,2026_01_DAL_NYG,NYG,DAL,MoonDa00,Darnell Mooney,WR,39,0.57,0,0,0,0,ATL,15,778,0,0.819,0.000,f,t,2026-09-17 03:26:47.483+00
2026,1,2026_01_DAL_NYG,NYG,DAL,NabeMa00,Malik Nabers,WR,36,0.52,0,0,0,0,NYG,4,216,0,0.795,0.000,t,f,2026-09-17 03:26:47.483+00
2026,1,2026_01_DAL_NYG,NYG,DAL,BerrBr00,Braxton Berrios,WR,12,0.17,0,0,6,0.32,HOU,5,65,0,0.168,0.000,f,t,2026-09-17 03:26:47.483+00
2026,1,2026_01_DAL_NYG,NYG,DAL,BeckOd00,Odell Beckham Jr.,WR,11,0.16,0,0,0,0,,0,0,0,,,f,f,2026-09-17 03:26:47.483+00
2026,1,2026_01_DEN_KC,DEN,KC,WattLu00,Luke Wattenberg,C,51,1,0,0,1,0.04,DEN,16,1063,0,0.996,0.000,t,f,2026-09-17 03:26:47.483+00
2026,1,2026_01_DEN_KC,DEN,KC,ForsAl00,Alex Forsyth,C,0,0,0,0,2,0.07,DEN,18,192,0,0.158,0.000,t,f,2026-09-17 03:26:47.483+00
2026,1,2026_01_DEN_KC,DEN,KC,SurtPa01,Patrick Surtain II,CB,1,0.02,69,1,5,0.18,DEN,16,0,1000,0.000,0.946,t,f,2026-09-17 03:26:47.483+00
2026,1,2026_01_DEN_KC,DEN,KC,MossRi00,Riley Moss,CB,0,0,69,1,1,0.04,DEN,19,0,1230,0.000,0.974,t,f,2026-09-17 03:26:47.483+00
2026,1,2026_01_DEN_KC,DEN,KC,McMiJa00,Ja'Quan McMillian,CB,0,0,49,0.71,0,0,DEN,19,0,826,0.000,0.652,t,f,2026-09-17 03:26:47.483+00
2026,1,2026_01_DEN_KC,DEN,KC,AbraKr00,Kris Abrams-Draine,CB,0,0,0,0,13,0.46,DEN,19,0,216,0.000,0.165,t,f,2026-09-17 03:26:47.483+00
2026,1,2026_01_DEN_KC,DEN,KC,BarrJa01,Jahdae Barron,CB,0,0,4,0.06,8,0.29,DEN,19,0,351,0.000,0.285,t,f,2026-09-17 03:26:47.483+00
2026,1,2026_01_DEN_KC,DEN,KC,KeyxDe00,Devon Key,DB,0,0,0,0,26,0.93,DEN,19,0,80,0.000,0.062,t,f,2026-09-17 03:26:47.483+00
2026,1,2026_01_DEN_KC,DEN,KC,JoneSa01,Sai'vion Jones,DE,0,0,15,0.22,7,0.25,DEN,3,0,33,0.000,0.187,t,f,2026-09-17 03:26:47.483+00
2026,1,2026_01_DEN_KC,DEN,KC,AlleZa01,Zach Allen,DL,0,0,42,0.61,5,0.18,DEN,19,0,888,0.000,0.701,t,f,2026-09-17 03:26:47.483+00
2026,1,2026_01_DEN_KC,DEN,KC,UwazEy00,Eyioma Uwazurike,DL,0,0,41,0.59,5,0.18,DEN,19,0,471,0.000,0.374,t,f,2026-09-17 03:26:47.483+00
2026,1,2026_01_DEN_KC,DEN,KC,JoneD.01,D.J. Jones,DT,0,0,39,0.57,0,0,DEN,18,0,498,0.000,0.417,t,f,2026-09-17 03:26:47.483+00
2026,1,2026_01_DEN_KC,DEN,KC,RoacMa01,Malcolm Roach,DT,0,0,32,0.46,7,0.25,DEN,14,0,480,0.000,0.508,t,f,2026-09-17 03:26:47.483+00
2026,1,2026_01_DEN_KC,DEN,KC,PrenAd00,Adam Prentice,FB,6,0.12,0,0,19,0.68,DEN,19,231,0,0.183,0.000,t,f,2026-09-17 03:26:47.483+00
2026,1,2026_01_DEN_KC,DEN,KC,PoweBe00,Ben Powers,G,51,1,0,0,2,0.07,DEN,10,594,0,0.892,0.000,t,f,2026-09-17 03:26:47.483+00
2026,1,2026_01_DEN_KC,DEN,KC,MeinQu02,Quinn Meinerz,G,51,1,0,0,2,0.07,DEN,19,1238,0,0.973,0.000,t,f,2026-09-17 03:26:47.483+00
2026,1,2026_01_DEN_KC,DEN,KC,LutzWi00,Wil Lutz,K,0,0,0,0,5,0.18,DEN,19,0,0,0.000,0.000,t,f,2026-09-17 03:26:47.483+00
2026,1,2026_01_DEN_KC,DEN,KC,SingAl00,Alex Singleton,LB,0,0,68,0.99,0,0,DEN,18,0,1171,0.000,0.980,t,f,2026-09-17 03:26:47.483+00
2026,1,2026_01_DEN_KC,DEN,KC,StrnJu00,Justin Strnad,LB,0,0,55,0.8,0,0,DEN,18,0,636,0.000,0.530,t,f,2026-09-17 03:26:47.483+00
2026,1,2026_01_DEN_KC,DEN,KC,ElliJo03,Jonah Elliss,LB,0,0,40,0.58,9,0.32,DEN,15,0,369,0.000,0.374,t,f,2026-09-17 03:26:47.483+00
2026,1,2026_01_DEN_KC,DEN,KC,BoniNi00,Nik Bonitto,LB,0,0,36,0.52,0,0,DEN,19,0,760,0.000,0.605,t,f,2026-09-17 03:26:47.483+00
2026,1,2026_01_DEN_KC,DEN,KC,TillDo00,Dondrea Tillman,LB,0,0,32,0.46,26,0.93,DEN,19,0,470,0.000,0.367,t,f,2026-09-17 03:26:47.483+00
2026,1,2026_01_DEN_KC,DEN,KC,RobiQu00,Quandarrius Robinson,LB,0,0,32,0.46,25,0.89,DEN,7,0,162,0.000,0.321,t,f,2026-09-17 03:26:47.483+00
2026,1,2026_01_DEN_KC,DEN,KC,TurnJo00,Jordan Turner,LB,0,0,2,0.03,26,0.93,DEN,9,0,23,0.000,0.036,t,f,2026-09-17 03:26:47.483+00
2026,1,2026_01_DEN_KC,DEN,KC,ReidKa00,Karene Reid,LB,0,0,0,0,12,0.43,DEN,10,0,3,0.000,0.004,t,f,2026-09-17 03:26:47.483+00
2026,1,2026_01_DEN_KC,DEN,KC,FrabMi00,Mitchell Fraboni,LS,0,0,0,0,9,0.32,DEN,19,0,0,0.000,0.000,t,f,2026-09-17 03:26:47.483+00
2026,1,2026_01_DEN_KC,DEN,KC,CrawJe00,Jeremy Crawshaw,P,0,0,0,0,9,0.32,DEN,19,0,0,0.000,0.000,t,f,2026-09-17 03:26:47.483+00
2026,1,2026_01_DEN_KC,DEN,KC,NixxBo00,Bo Nix,QB,51,1,0,0,0,0,DEN,18,1208,0,0.997,0.000,t,f,2026-09-17 03:26:47.483+00
2026,1,2026_01_DEN_KC,DEN,KC,HarvRJ00,RJ Harvey,RB,26,0.51,0,0,6,0.21,DEN,19,557,0,0.437,0.000,t,f,2026-09-17 03:26:47.483+00
2026,1,2026_01_DEN_KC,DEN,KC,DobbJK00,J.K. Dobbins,RB,22,0.43,0,0,0,0,DEN,10,340,0,0.511,0.000,t,f,2026-09-17 03:26:47.483+00
2026,1,2026_01_DEN_KC,DEN,KC,ColeJo00,Jonah Coleman,RB,3,0.06,0,0,6,0.21,,0,0,0,,,f,f,2026-09-17 03:26:47.483+00
2026,1,2026_01_DEN_KC,DEN,KC,HufaTa00,Talanoa Hufanga,S,0,0,69,1,5,0.18,DEN,19,7,1224,0.005,0.966,t,f,2026-09-17 03:26:47.483+00
2026,1,2026_01_DEN_KC,DEN,KC,JoneBr06,Brandon Jones,S,0,0,65,0.94,0,0,DEN,14,0,871,0.000,0.928,t,f,2026-09-17 03:26:47.483+00
2026,1,2026_01_DEN_KC,DEN,KC,AndeTy00,Tycen Anderson,S,0,0,0,0,21,0.75,CIN,17,0,64,0.000,0.064,f,t,2026-09-17 03:26:47.483+00
2026,1,2026_01_DEN_KC,DEN,KC,SkinJL00,JL Skinner,S,0,0,0,0,18,0.64,DEN,18,0,34,0.000,0.026,t,f,2026-09-17 03:26:47.483+00
2026,1,2026_01_DEN_KC,DEN,KC,BollGa00,Garett Bolles,T,51,1,0,0,1,0.04,DEN,19,1255,0,0.988,0.000,t,f,2026-09-17 03:26:47.483+00
2026,1,2026_01_DEN_KC,DEN,KC,McGlMi00,Mike McGlinchey,T,51,1,0,0,2,0.07,DEN,19,1257,0,0.991,0.000,t,f,2026-09-17 03:26:47.483+00
2026,1,2026_01_DEN_KC,DEN,KC,PalcAl00,Alex Palczewski,T,0,0,0,0,2,0.07,DEN,19,665,0,0.515,0.000,t,f,2026-09-17 03:26:47.483+00
2026,1,2026_01_DEN_KC,DEN,KC,PearMa00,Matt Peart,T,0,0,0,0,2,0.07,DEN,6,64,0,0.175,0.000,t,f,2026-09-17 03:26:47.483+00
2026,1,2026_01_DEN_KC,DEN,KC,EngrEv00,Evan Engram,TE,32,0.63,0,0,0,0,DEN,18,511,0,0.419,0.000,t,f,2026-09-17 03:26:47.483+00
2026,1,2026_01_DEN_KC,DEN,KC,TrauAd00,Adam Trautman,TE,19,0.37,0,0,2,0.07,DEN,19,722,0,0.570,0.000,t,f,2026-09-17 03:26:47.483+00
2026,1,2026_01_DEN_KC,DEN,KC,AdkiNa00,Nate Adkins,TE,13,0.25,0,0,8,0.29,DEN,11,245,0,0.332,0.000,t,f,2026-09-17 03:26:47.483+00
2026,1,2026_01_DEN_KC,DEN,KC,SuttCo00,Courtland Sutton,WR,39,0.76,0,0,0,0,DEN,19,1090,0,0.857,0.000,t,f,2026-09-17 03:26:47.483+00
2026,1,2026_01_DEN_KC,DEN,KC,WaddJa00,Jaylen Waddle,WR,38,0.75,0,0,0,0,MIA,16,722,0,0.776,0.000,f,t,2026-09-17 03:26:47.483+00
2026,1,2026_01_DEN_KC,DEN,KC,BryaPa00,Pat Bryant,WR,30,0.59,0,0,7,0.25,DEN,17,487,0,0.432,0.000,t,f,2026-09-17 03:26:47.483+00
2026,1,2026_01_DEN_KC,DEN,KC,FranTr00,Troy Franklin,WR,17,0.33,0,0,0,0,DEN,18,683,0,0.573,0.000,t,f,2026-09-17 03:26:47.483+00
2026,1,2026_01_DEN_KC,DEN,KC,MimsMa00,Marvin Mims,WR,9,0.18,0,0,4,0.14,DEN,17,464,0,0.402,0.000,t,f,2026-09-17 03:26:47.483+00
2026,1,2026_01_DEN_KC,KC,DEN,HumpCr00,Creed Humphrey,C,69,1,0,0,5,0.18,KC,17,1093,0,0.985,0.000,t,f,2026-09-17 03:26:47.483+00
2026,1,2026_01_DEN_KC,KC,DEN,FultKr00,Kristian Fulton,CB,0,0,47,0.92,15,0.54,KC,8,0,208,0.000,0.385,t,f,2026-09-17 03:26:47.483+00
2026,1,2026_01_DEN_KC,KC,DEN,SneeLJ00,L'Jarius Sneed,CB,0,0,46,0.9,1,0.04,TEN,7,0,361,0.000,0.803,f,t,2026-09-17 03:26:47.483+00
2026,1,2026_01_DEN_KC,KC,DEN,RolaCh00,Christian Roland-Wallace,CB,0,0,8,0.16,20,0.71,KC,11,0,190,0.000,0.314,t,f,2026-09-17 03:26:47.483+00
2026,1,2026_01_DEN_KC,KC,DEN,DelaMa00,Mansoor Delane,CB,0,0,3,0.06,0,0,,0,0,0,,,f,f,2026-09-17 03:26:47.483+00
2026,1,2026_01_DEN_KC,KC,DEN,HickJa01,Jaden Hicks,DB,0,0,51,1,7,0.25,KC,17,0,445,0.000,0.434,t,f,2026-09-17 03:26:47.483+00
2026,1,2026_01_DEN_KC,KC,DEN,WillNo01,Nohl Williams,DB,0,0,51,1,6,0.21,KC,17,0,457,0.000,0.429,t,f,2026-09-17 03:26:47.483+00
2026,1,2026_01_DEN_KC,KC,DEN,CanaJa00,Jadon Canady,DB,0,0,0,0,11,0.39,,0,0,0,,,f,f,2026-09-17 03:26:47.483+00
2026,1,2026_01_DEN_KC,KC,DEN,KarlGe00,George Karlaftis III,DE,0,0,44,0.86,3,0.11,KC,16,0,762,0.000,0.775,t,f,2026-09-17 03:26:47.483+00
2026,1,2026_01_DEN_KC,KC,DEN,AnudFe00,Felix Anudike-Uzomah,DE,0,0,28,0.55,0,0,,0,0,0,,,f,f,2026-09-17 03:26:47.483+00
2026,1,2026_01_DEN_KC,KC,DEN,MasoR01,R Mason Thomas,DE,0,0,27,0.53,7,0.25,,0,0,0,,,f,f,2026-09-17 03:26:47.483+00
2026,1,2026_01_DEN_KC,KC,DEN,GillAs00,Ashton Gillotte,DE,0,0,14,0.27,3,0.11,KC,17,0,485,0.000,0.462,t,f,2026-09-17 03:26:47.483+00
2026,1,2026_01_DEN_KC,KC,DEN,WoodPe00,Peter Woods,DL,0,0,29,0.57,3,0.11,,0,0,0,,,f,f,2026-09-17 03:26:47.483+00
2026,1,2026_01_DEN_KC,KC,DEN,JoneCh09,Chris Jones,DT,0,0,26,0.51,0,0,KC,17,0,761,0.000,0.734,t,f,2026-09-17 03:26:47.483+00
2026,1,2026_01_DEN_KC,KC,DEN,HarrMa08,Marcus Harris,DT,0,0,5,0.1,0,0,,0,0,0,,,f,f,2026-09-17 03:26:47.483+00
2026,1,2026_01_DEN_KC,KC,DEN,VanSBe00,Ben VanSumeren,FB,3,0.04,0,0,22,0.79,PHI,1,0,0,0.000,0.000,f,t,2026-09-17 03:26:47.483+00
2026,1,2026_01_DEN_KC,KC,DEN,SmitTr05,Trey Smith,G,69,1,0,0,5,0.18,KC,12,665,0,0.882,0.000,t,f,2026-09-17 03:26:47.483+00
2026,1,2026_01_DEN_KC,KC,DEN,ButkHa00,Harrison Butker,K,0,0,0,0,11,0.39,KC,17,0,0,0.000,0.000,t,f,2026-09-17 03:26:47.483+00
2026,1,2026_01_DEN_KC,KC,DEN,BoltNi00,Nick Bolton,LB,0,0,51,1,3,0.11,KC,17,0,1011,0.000,0.965,t,f,2026-09-17 03:26:47.483+00
2026,1,2026_01_DEN_KC,KC,DEN,TranDr00,Drue Tranquill,LB,0,0,50,0.98,3,0.11,KC,17,0,883,0.000,0.839,t,f,2026-09-17 03:26:47.483+00
2026,1,2026_01_DEN_KC,KC,DEN,CochJa00,Jack Cochrane,LB,0,0,5,0.1,23,0.82,KC,17,0,61,0.000,0.062,t,f,2026-09-17 03:26:47.483+00
2026,1,2026_01_DEN_KC,KC,DEN,BassJe00,Jeffrey Bassa,LB,0,0,3,0.06,20,0.71,KC,17,0,39,0.000,0.044,t,f,2026-09-17 03:26:47.483+00
2026,1,2026_01_DEN_KC,KC,DEN,McDoCo01,Cooper McDonald,LB,0,0,0,0,2,0.07,KC,17,0,57,0.000,0.054,t,f,2026-09-17 03:26:47.483+00
2026,1,2026_01_DEN_KC,KC,DEN,WincJa00,James Winchester,LS,0,0,0,0,10,0.36,KC,17,0,0,0.000,0.000,t,f,2026-09-17 03:26:47.483+00
2026,1,2026_01_DEN_KC,KC,DEN,TongKh00,Khyiris Tonga,NT,4,0.06,22,0.43,3,0.11,NE,17,18,415,0.016,0.392,f,t,2026-09-17 03:26:47.483+00
2026,1,2026_01_DEN_KC,KC,DEN,SuamKi00,Kingsley Suamataia,OL,69,1,0,0,5,0.18,KC,17,1091,0,0.981,0.000,t,f,2026-09-17 03:26:47.483+00
2026,1,2026_01_DEN_KC,KC,DEN,MoorJa04,Jaylon Moore,OL,68,0.99,0,0,5,0.18,KC,15,427,0,0.423,0.000,t,f,2026-09-17 03:26:47.483+00
2026,1,2026_01_DEN_KC,KC,DEN,NourHu00,Hunter Nourzad,OL,4,0.06,0,0,5,0.18,KC,11,93,0,0.129,0.000,t,f,2026-09-17 03:26:47.483+00
2026,1,2026_01_DEN_KC,KC,DEN,CaliMi00,Mike Caliendo,OL,1,0.01,0,0,5,0.18,KC,17,422,0,0.352,0.000,t,f,2026-09-17 03:26:47.483+00
2026,1,2026_01_DEN_KC,KC,DEN,EzeuJo00,Joshua Ezeudu,OL,3,0.04,0,0,0,0,,0,0,0,,,f,f,2026-09-17 03:26:47.483+00
2026,1,2026_01_DEN_KC,KC,DEN,AraiMa00,Matt Araiza,P,0,0,0,0,10,0.36,KC,17,0,0,0.000,0.000,t,f,2026-09-17 03:26:47.483+00
2026,1,2026_01_DEN_KC,KC,DEN,MahoPa00,Patrick Mahomes,QB,69,1,0,0,0,0,KC,14,934,0,0.974,0.000,t,f,2026-09-17 03:26:47.483+00
2026,1,2026_01_DEN_KC,KC,DEN,FielJu00,Justin Fields,QB,1,0.01,0,0,0,0,NYJ,9,501,0,0.898,0.000,f,t,2026-09-17 03:26:47.483+00
2026,1,2026_01_DEN_KC,KC,DEN,WalkKe00,Kenneth Walker III,RB,47,0.68,0,0,0,0,SEA,20,620,0,0.494,0.000,f,t,2026-09-17 03:26:47.483+00
2026,1,2026_01_DEN_KC,KC,DEN,JohnEm01,Emmett Johnson,RB,25,0.36,0,0,6,0.21,,0,0,0,,,f,f,2026-09-17 03:26:47.483+00
2026,1,2026_01_DEN_KC,KC,DEN,SmitBr09,Brashard Smith,RB,0,0,0,0,3,0.11,KC,17,191,0,0.167,0.000,t,f,2026-09-17 03:26:47.483+00
2026,1,2026_01_DEN_KC,KC,DEN,GilmAl00,Alohi Gilman,S,0,0,51,1,1,0.04,BAL|LAC,17,0,1026,0.000,0.948,f,t,2026-09-17 03:26:47.483+00
2026,1,2026_01_DEN_KC,KC,DEN,NwanXa00,Xavier Nwankpa,S,0,0,0,0,15,0.54,,0,0,0,,,f,f,2026-09-17 03:26:47.483+00
2026,1,2026_01_DEN_KC,KC,DEN,BensKa00,Kahlil Benson,T,69,1,0,0,5,0.18,,0,0,0,,,f,f,2026-09-17 03:26:47.483+00
2026,1,2026_01_DEN_KC,KC,DEN,KelcTr00,Travis Kelce,TE,49,0.71,0,0,0,0,KC,17,902,0,0.819,0.000,t,f,2026-09-17 03:26:47.483+00
2026,1,2026_01_DEN_KC,KC,DEN,GrayNo00,Noah Gray,TE,38,0.55,0,0,16,0.57,KC,16,545,0,0.521,0.000,t,f,2026-09-17 03:26:47.483+00
2026,1,2026_01_DEN_KC,KC,DEN,BrinJa00,Jake Briningstool,TE,13,0.19,0,0,20,0.71,,0,0,0,,,f,f,2026-09-17 03:26:47.483+00
2026,1,2026_01_DEN_KC,KC,DEN,RiceRa01,Rashee Rice,WR,57,0.83,0,0,0,0,KC,8,415,0,0.749,0.000,t,f,2026-09-17 03:26:47.483+00
2026,1,2026_01_DEN_KC,KC,DEN,WortXa00,Xavier Worthy,WR,53,0.77,0,0,0,0,KC,14,645,0,0.706,0.000,t,f,2026-09-17 03:26:47.483+00
2026,1,2026_01_DEN_KC,KC,DEN,ThorTy00,Tyquan Thornton,WR,47,0.68,0,0,0,0,KC,14,368,0,0.390,0.000,t,f,2026-09-17 03:26:47.483+00
2026,1,2026_01_DEN_KC,KC,DEN,RoyaJa00,Jalen Royals,WR,0,0,0,0,15,0.54,KC,7,86,0,0.190,0.000,t,f,2026-09-17 03:26:47.483+00
2026,1,2026_01_DEN_KC,KC,DEN,RemiNi00,Nikko Remigio,WR,0,0,0,0,10,0.36,KC,14,31,0,0.033,0.000,t,f,2026-09-17 03:26:47.483+00
2026,1,2026_01_DEN_KC,KC,DEN,AlleCy00,Cyrus Allen,WR,1,0.01,0,0,4,0.14,,0,0,0,,,f,f,2026-09-17 03:26:47.483+00
2026,1,2026_01_GB_MIN,GB,MIN,MonkJa00,Jacob Monk,C,68,1,0,0,6,0.19,GB,8,57,0,0.141,0.000,t,f,2026-09-17 03:26:47.483+00
2026,1,2026_01_GB_MIN,GB,MIN,RhyaSe00,Sean Rhyan,C,68,1,0,0,0,0,GB,18,876,0,0.762,0.000,t,f,2026-09-17 03:26:47.483+00
2026,1,2026_01_GB_MIN,GB,MIN,NixoKe00,Keisean Nixon,CB,0,0,65,1,1,0.03,GB,18,0,1091,0.000,0.898,t,f,2026-09-17 03:26:47.483+00
2026,1,2026_01_GB_MIN,GB,MIN,CissBr00,Brandon Cisse,CB,0,0,49,0.75,3,0.1,,0,0,0,,,f,f,2026-09-17 03:26:47.483+00
2026,1,2026_01_GB_MIN,GB,MIN,StJuBe00,Benjamin St-Juste,CB,0,0,1,0.02,22,0.71,LAC,17,0,378,0.000,0.384,f,t,2026-09-17 03:26:47.483+00
2026,1,2026_01_GB_MIN,GB,MIN,ValeCa00,Carrington Valentine,CB,0,0,16,0.25,3,0.1,GB,18,0,857,0.000,0.725,t,f,2026-09-17 03:26:47.483+00
2026,1,2026_01_GB_MIN,GB,MIN,HaddKa00,Kamal Hadden,CB,0,0,0,0,10,0.32,GB,10,0,37,0.000,0.078,t,f,2026-09-17 03:26:47.483+00
2026,1,2026_01_GB_MIN,GB,MIN,VanNLu00,Lukas Van Ness,DE,0,0,43,0.66,9,0.29,GB,10,0,310,0.000,0.450,t,f,2026-09-17 03:26:47.483+00
2026,1,2026_01_GB_MIN,GB,MIN,SorrBa00,Barryn Sorrell,DE,0,0,40,0.62,21,0.68,GB,15,0,206,0.000,0.200,t,f,2026-09-17 03:26:47.483+00
2026,1,2026_01_GB_MIN,GB,MIN,CoxxBr02,Brenton Cox,DE,0,0,27,0.42,2,0.06,GB,5,0,83,0.000,0.246,t,f,2026-09-17 03:26:47.483+00
2026,1,2026_01_GB_MIN,GB,MIN,DennDa01,Dani Dennis-Sutton,DE,0,0,21,0.32,13,0.42,,0,0,0,,,f,f,2026-09-17 03:26:47.483+00
2026,1,2026_01_GB_MIN,GB,MIN,BrooKa00,Karl Brooks,DT,0,0,37,0.57,18,0.58,GB,17,0,664,0.000,0.575,t,f,2026-09-17 03:26:47.483+00
2026,1,2026_01_GB_MIN,GB,MIN,WyatDe00,Devonte Wyatt,DT,0,0,34,0.52,0,0,GB,10,0,379,0.000,0.607,t,f,2026-09-17 03:26:47.483+00
2026,1,2026_01_GB_MIN,GB,MIN,HargJa00,Javon Hargrave,DT,0,0,30,0.46,0,0,MIN,16,0,537,0.000,0.530,f,t,2026-09-17 03:26:47.483+00
2026,1,2026_01_GB_MIN,GB,MIN,McClCh01,Chris McClellan,DT,0,0,28,0.43,0,0,,0,0,0,,,f,f,2026-09-17 03:26:47.483+00
2026,1,2026_01_GB_MIN,GB,MIN,FordJo00,Jonathan Ford,DT,0,0,28,0.43,8,0.26,CHI|GB,10,0,144,0.000,0.224,t,f,2026-09-17 03:26:47.483+00
2026,1,2026_01_GB_MIN,GB,MIN,JennDo00,Donovan Jennings,G,68,1,0,0,6,0.19,GB,2,6,0,0.065,0.000,t,f,2026-09-17 03:26:47.483+00
2026,1,2026_01_GB_MIN,GB,MIN,WillJo11,John Williams,G,0,0,0,0,6,0.19,,0,0,0,,,f,f,2026-09-17 03:26:47.483+00
2026,1,2026_01_GB_MIN,GB,MIN,SmacTr00,Trey Smack,K,0,0,0,0,12,0.39,,0,0,0,,,f,f,2026-09-17 03:26:47.483+00
2026,1,2026_01_GB_MIN,GB,MIN,CoopEd00,Edgerrin Cooper,LB,0,0,65,1,0,0,GB,17,0,1089,0.000,0.967,t,f,2026-09-17 03:26:47.483+00
2026,1,2026_01_GB_MIN,GB,MIN,FranZa00,Zaire Franklin,LB,0,0,65,1,0,0,IND,17,0,1112,0.000,0.954,f,t,2026-09-17 03:26:47.483+00
2026,1,2026_01_GB_MIN,GB,MIN,McDuIs00,Isaiah McDuffie,LB,0,0,1,0.02,24,0.77,GB,18,0,551,0.000,0.467,t,f,2026-09-17 03:26:47.483+00
2026,1,2026_01_GB_MIN,GB,MIN,WelcKr00,Kristian Welch,LB,0,0,0,0,24,0.77,GB,8,0,2,0.000,0.004,t,f,2026-09-17 03:26:47.483+00
2026,1,2026_01_GB_MIN,GB,MIN,NiemNi00,Nick Niemann,LB,0,0,0,0,24,0.77,GB,8,0,1,0.000,0.001,t,f,2026-09-17 03:26:47.483+00
2026,1,2026_01_GB_MIN,GB,MIN,OrzeMa00,Matthew Orzech,LS,0,0,0,0,9,0.29,GB,18,0,0,0.000,0.000,t,f,2026-09-17 03:26:47.483+00
2026,1,2026_01_GB_MIN,GB,MIN,TomxZa00,Zach Bako-Bewele,OL,68,1,0,0,0,0,GB,12,605,0,0.832,0.000,t,f,2026-09-17 03:26:47.483+00
2026,1,2026_01_GB_MIN,GB,MIN,WhelDa00,Daniel Whelan,P,0,0,0,0,9,0.29,GB,18,0,0,0.000,0.000,t,f,2026-09-17 03:26:47.483+00
2026,1,2026_01_GB_MIN,GB,MIN,LoveJo03,Jordan Love,QB,68,1,0,0,0,0,GB,16,965,0,0.946,0.000,t,f,2026-09-17 03:26:47.483+00
2026,1,2026_01_GB_MIN,GB,MIN,BrooCh00,Chris Brooks,RB,38,0.56,0,0,3,0.1,GB,18,222,0,0.204,0.000,t,f,2026-09-17 03:26:47.483+00
2026,1,2026_01_GB_MIN,GB,MIN,LloyMa00,MarShawn Lloyd,RB,30,0.44,0,0,0,0,,0,0,0,,,f,f,2026-09-17 03:26:47.483+00
2026,1,2026_01_GB_MIN,GB,MIN,JohnKa03,Kaleb Johnson,RB,0,0,0,0,2,0.06,PIT,10,51,0,0.091,0.000,f,t,2026-09-17 03:26:47.483+00
2026,1,2026_01_GB_MIN,GB,MIN,WillEv00,Evan Williams,S,0,0,65,1,10,0.32,GB,17,0,979,0.000,0.866,t,f,2026-09-17 03:26:47.483+00
2026,1,2026_01_GB_MIN,GB,MIN,McKiXa00,Xavier McKinney,S,0,0,65,1,5,0.16,GB,17,0,1131,0.000,1.000,t,f,2026-09-17 03:26:47.483+00
2026,1,2026_01_GB_MIN,GB,MIN,BullJa00,Javon Bullard,S,0,0,35,0.54,1,0.03,GB,18,0,783,0.000,0.652,t,f,2026-09-17 03:26:47.483+00
2026,1,2026_01_GB_MIN,GB,MIN,OladKi00,Kitan Oladapo,S,0,0,0,0,12,0.39,GB,18,0,69,0.000,0.057,t,f,2026-09-17 03:26:47.483+00
2026,1,2026_01_GB_MIN,GB,MIN,MorgJo03,Jordan Morgan,T,68,1,0,0,6,0.19,GB,18,820,0,0.722,0.000,t,f,2026-09-17 03:26:47.483+00
2026,1,2026_01_GB_MIN,GB,MIN,BeltAn00,Anthony Belton,T,4,0.06,0,0,6,0.19,GB,15,559,0,0.604,0.000,t,f,2026-09-17 03:26:47.483+00
2026,1,2026_01_GB_MIN,GB,MIN,KrafTu00,Tucker Kraft,TE,45,0.66,0,0,0,0,GB,8,439,0,0.860,0.000,t,f,2026-09-17 03:26:47.483+00
2026,1,2026_01_GB_MIN,GB,MIN,SmitJo01,Jonnu Smith,TE,32,0.47,0,0,6,0.19,PIT,18,566,0,0.527,0.000,f,t,2026-09-17 03:26:47.483+00
2026,1,2026_01_GB_MIN,GB,MIN,RedmMa00,Mark Redman,TE,21,0.31,0,0,7,0.23,,0,0,0,,,f,f,2026-09-17 03:26:47.483+00
2026,1,2026_01_GB_MIN,GB,MIN,WhylJo01,Josh Whyle,TE,11,0.16,0,0,11,0.35,GB,9,200,0,0.392,0.000,t,f,2026-09-17 03:26:47.483+00
2026,1,2026_01_GB_MIN,GB,MIN,GoldMa02,Matthew Golden,WR,56,0.82,0,0,0,0,GB,15,487,0,0.529,0.000,t,f,2026-09-17 03:26:47.483+00
2026,1,2026_01_GB_MIN,GB,MIN,WatsCh00,Christian Watson,WR,52,0.76,0,0,0,0,GB,11,475,0,0.688,0.000,t,f,2026-09-17 03:26:47.483+00
2026,1,2026_01_GB_MIN,GB,MIN,ReedJa03,Jayden Reed,WR,39,0.57,0,0,0,0,GB,8,217,0,0.445,0.000,t,f,2026-09-17 03:26:47.483+00
2026,1,2026_01_GB_MIN,GB,MIN,MeltBo00,Bo Melton,WR,8,0.12,0,0,20,0.65,GB,16,96,0,0.104,0.000,t,f,2026-09-17 03:26:47.483+00
2026,1,2026_01_GB_MIN,GB,MIN,MoorSk01,Skyy Moore,WR,4,0.06,0,0,11,0.35,SF,19,129,0,0.107,0.000,f,t,2026-09-17 03:26:47.483+00
2026,1,2026_01_GB_MIN,MIN,GB,BranBl00,Blake Brandel,C,65,1,0,0,4,0.13,MIN,17,604,0,0.588,0.000,t,f,2026-09-17 03:26:47.483+00
2026,1,2026_01_GB_MIN,MIN,GB,RodgIs00,Isaiah Rodgers,CB,0,0,68,1,5,0.16,MIN,17,0,963,0.000,0.900,t,f,2026-09-17 03:26:47.483+00
2026,1,2026_01_GB_MIN,MIN,GB,MurpBy00,Byron Murphy,CB,0,0,67,0.99,0,0,MIN,17,0,1046,0.000,0.976,t,f,2026-09-17 03:26:47.483+00
2026,1,2026_01_GB_MIN,MIN,GB,PierJa01,James Pierre,CB,0,0,23,0.34,9,0.29,PIT,15,0,407,0.000,0.389,f,t,2026-09-17 03:26:47.483+00
2026,1,2026_01_GB_MIN,MIN,GB,DemmCh00,Charles Demmings,CB,0,0,0,0,5,0.16,,0,0,0,,,f,f,2026-09-17 03:26:47.483+00
2026,1,2026_01_GB_MIN,MIN,GB,RedmJa01,Jalen Redmond,DL,0,0,51,0.75,7,0.23,MIN,17,0,793,0.000,0.739,t,f,2026-09-17 03:26:47.483+00
2026,1,2026_01_GB_MIN,MIN,GB,IngrTy00,Tyrion Ingram-Dawkins,DL,0,0,42,0.62,16,0.52,MIN,14,0,250,0.000,0.286,t,f,2026-09-17 03:26:47.483+00
2026,1,2026_01_GB_MIN,MIN,GB,RodrLe00,Levi Drake Rodriguez,DL,0,0,34,0.5,0,0,MIN,16,0,461,0.000,0.454,t,f,2026-09-17 03:26:47.483+00
2026,1,2026_01_GB_MIN,MIN,GB,OranDo00,Domonique Orange,DL,0,0,22,0.32,7,0.23,,0,0,0,,,f,f,2026-09-17 03:26:47.483+00
2026,1,2026_01_GB_MIN,MIN,GB,BankCa01,Caleb Banks,DL,0,0,16,0.24,7,0.23,,0,0,0,,,f,f,2026-09-17 03:26:47.483+00
2026,1,2026_01_GB_MIN,MIN,GB,BredMa00,Max Bredeson,FB,24,0.37,0,0,10,0.32,,0,0,0,,,f,f,2026-09-17 03:26:47.483+00
2026,1,2026_01_GB_MIN,MIN,GB,JackDo03,Donovan Jackson,G,65,1,0,0,4,0.13,MIN,14,795,0,0.981,0.000,t,f,2026-09-17 03:26:47.483+00
2026,1,2026_01_GB_MIN,MIN,GB,FrieWi00,Will Fries,G,65,1,0,0,4,0.13,MIN,17,989,0,0.988,0.000,t,f,2026-09-17 03:26:47.483+00
2026,1,2026_01_GB_MIN,MIN,GB,HubeJo00,Joe Huber,G,0,0,0,0,4,0.13,MIN,12,79,0,0.103,0.000,t,f,2026-09-17 03:26:47.483+00
2026,1,2026_01_GB_MIN,MIN,GB,KeegTr00,Trevor Keegan,G,0,0,0,0,4,0.13,DAL,2,6,0,0.050,0.000,f,t,2026-09-17 03:26:47.483+00
2026,1,2026_01_GB_MIN,MIN,GB,ReicWi00,Will Reichard,K,0,0,0,0,11,0.35,MIN,17,0,0,0.000,0.000,t,f,2026-09-17 03:26:47.483+00
2026,1,2026_01_GB_MIN,MIN,GB,WilsEr00,Eric Wilson,LB,0,0,67,0.99,7,0.23,MIN,17,0,965,0.000,0.902,t,f,2026-09-17 03:26:47.483+00
2026,1,2026_01_GB_MIN,MIN,GB,CashBl00,Blake Cashman,LB,0,0,65,0.96,1,0.03,MIN,13,0,790,0.000,0.957,t,f,2026-09-17 03:26:47.483+00
2026,1,2026_01_GB_MIN,MIN,GB,TurnDa01,Dallas Turner,LB,0,0,56,0.82,6,0.19,MIN,17,0,701,0.000,0.656,t,f,2026-09-17 03:26:47.483+00
2026,1,2026_01_GB_MIN,MIN,GB,VanGAn00,Andrew Van Ginkel,LB,0,0,55,0.81,0,0,MIN,12,0,582,0.000,0.758,t,f,2026-09-17 03:26:47.483+00
2026,1,2026_01_GB_MIN,MIN,GB,PaceIv00,Ivan Pace,LB,0,0,10,0.15,26,0.84,MIN,17,0,323,0.000,0.302,t,f,2026-09-17 03:26:47.483+00
2026,1,2026_01_GB_MIN,MIN,GB,RichBo01,Bo Richter,LB,0,0,0,0,25,0.81,MIN,17,0,52,0.000,0.051,t,f,2026-09-17 03:26:47.483+00
2026,1,2026_01_GB_MIN,MIN,GB,VanNKy00,Kyle Van Noy,LB,0,0,25,0.37,0,0,BAL,15,0,494,0.000,0.500,f,t,2026-09-17 03:26:47.483+00
2026,1,2026_01_GB_MIN,MIN,GB,ChamCh01,Chaz Chambliss,LB,0,0,0,0,19,0.61,MIN,12,0,25,0.000,0.036,t,f,2026-09-17 03:26:47.483+00
2026,1,2026_01_GB_MIN,MIN,GB,GoldJa01,Jake Golday,LB,0,0,0,0,19,0.61,,0,0,0,,,f,f,2026-09-17 03:26:47.483+00
2026,1,2026_01_GB_MIN,MIN,GB,DePaAn00,Andrew DePaola,LS,0,0,0,0,8,0.26,MIN,17,0,0,0.000,0.000,t,f,2026-09-17 03:26:47.483+00
2026,1,2026_01_GB_MIN,MIN,GB,ThorBr01,Brett Thorson,P,0,0,0,0,8,0.26,,0,0,0,,,f,f,2026-09-17 03:26:47.483+00
2026,1,2026_01_GB_MIN,MIN,GB,WentCa00,Carson Wentz,QB,54,0.83,0,0,0,0,MIN,5,300,0,0.932,0.000,t,f,2026-09-17 03:26:47.483+00
2026,1,2026_01_GB_MIN,MIN,GB,MurrKy00,Kyler Murray,QB,11,0.17,0,0,0,0,ARI,5,318,0,0.988,0.000,f,t,2026-09-17 03:26:47.483+00
2026,1,2026_01_GB_MIN,MIN,GB,JoneAa00,Aaron Jones,RB,30,0.46,0,0,0,0,MIN,12,366,0,0.551,0.000,t,f,2026-09-17 03:26:47.483+00
2026,1,2026_01_GB_MIN,MIN,GB,MasoJo00,Jordan Mason,RB,29,0.45,0,0,0,0,MIN,16,413,0,0.428,0.000,t,f,2026-09-17 03:26:47.483+00
2026,1,2026_01_GB_MIN,MIN,GB,DallDe00,DeeJay Dallas,RB,6,0.09,0,0,19,0.61,CAR|JAX,6,26,0,0.062,0.000,f,t,2026-09-17 03:26:47.483+00
2026,1,2026_01_GB_MIN,MIN,GB,MeteJo00,Josh Metellus,S,0,0,68,1,1,0.03,MIN,14,0,868,0.000,0.965,t,f,2026-09-17 03:26:47.483+00
2026,1,2026_01_GB_MIN,MIN,GB,JackTh00,Theo Jackson,S,0,0,43,0.63,5,0.16,MIN,14,0,530,0.000,0.617,t,f,2026-09-17 03:26:47.483+00
2026,1,2026_01_GB_MIN,MIN,GB,SmitHa00,Harrison Smith,S,0,0,26,0.38,0,0,MIN,15,0,793,0.000,0.839,t,f,2026-09-17 03:26:47.483+00
2026,1,2026_01_GB_MIN,MIN,GB,WardJa00,Jay Ward,S,0,0,0,0,22,0.71,MIN,17,0,248,0.000,0.245,t,f,2026-09-17 03:26:47.483+00
2026,1,2026_01_GB_MIN,MIN,GB,ThomJa08,Jacob Thomas,S,0,0,10,0.15,19,0.61,,0,0,0,,,f,f,2026-09-17 03:26:47.483+00
2026,1,2026_01_GB_MIN,MIN,GB,ONeiBr00,Brian O'Neill,T,65,1,0,0,0,0,MIN,14,734,0,0.899,0.000,t,f,2026-09-17 03:26:47.483+00
2026,1,2026_01_GB_MIN,MIN,GB,DarrCh00,Christian Darrisaw,T,65,1,0,0,0,0,MIN,10,504,0,0.810,0.000,t,f,2026-09-17 03:26:47.483+00
2026,1,2026_01_GB_MIN,MIN,GB,VanDRy00,Ryan Van Demark,T,0,0,0,0,4,0.13,BUF,19,312,0,0.243,0.000,f,t,2026-09-17 03:26:47.483+00
2026,1,2026_01_GB_MIN,MIN,GB,HockTJ00,T.J. Hockenson,TE,43,0.66,0,0,0,0,MIN,15,691,0,0.779,0.000,t,f,2026-09-17 03:26:47.483+00
2026,1,2026_01_GB_MIN,MIN,GB,OlivJo00,Josh Oliver,TE,42,0.65,0,0,10,0.32,MIN,15,400,0,0.458,0.000,t,f,2026-09-17 03:26:47.483+00
2026,1,2026_01_GB_MIN,MIN,GB,BartGa00,Gavin Bartholomew,TE,0,0,0,0,10,0.32,,0,0,0,,,f,f,2026-09-17 03:26:47.483+00
2026,1,2026_01_GB_MIN,MIN,GB,JeffJu00,Justin Jefferson,WR,60,0.92,0,0,0,0,MIN,17,941,0,0.942,0.000,t,f,2026-09-17 03:26:47.483+00
2026,1,2026_01_GB_MIN,MIN,GB,AddiJo00,Jordan Addison,WR,54,0.83,0,0,0,0,MIN,14,714,0,0.851,0.000,t,f,2026-09-17 03:26:47.483+00
2026,1,2026_01_GB_MIN,MIN,GB,JennJa00,Jauan Jennings,WR,31,0.48,0,0,0,0,SF,17,899,0,0.827,0.000,f,t,2026-09-17 03:26:47.483+00
2026,1,2026_01_GB_MIN,MIN,GB,FeltTa00,Tai Felton,WR,3,0.05,0,0,14,0.45,MIN,17,46,0,0.044,0.000,t,f,2026-09-17 03:26:47.483+00
2026,1,2026_01_GB_MIN,MIN,GB,PricMy00,Myles Price,WR,3,0.05,0,0,9,0.29,MIN,16,17,0,0.018,0.000,t,f,2026-09-17 03:26:47.483+00
2026,1,2026_01_MIA_LV,LV,MIA,LindTy00,Tyler Linderbaum,C,68,1,0,0,0,0,BAL,17,1007,0,0.992,0.000,f,t,2026-09-17 03:26:47.483+00
2026,1,2026_01_MIA_LV,LV,MIA,StokEr00,Eric Stokes,CB,0,0,56,1,0,0,LV,16,0,1037,0.000,0.979,t,f,2026-09-17 03:26:47.483+00
2026,1,2026_01_MIA_LV,LV,MIA,JohnTa01,Taron Johnson,CB,0,0,48,0.86,0,0,BUF,15,0,678,0.000,0.747,f,t,2026-09-17 03:26:47.483+00
2026,1,2026_01_MIA_LV,LV,MIA,PortDa00,Darien Porter,CB,0,0,46,0.82,8,0.31,LV,17,0,606,0.000,0.529,t,f,2026-09-17 03:26:47.483+00
2026,1,2026_01_MIA_LV,LV,MIA,MassHe00,Hezekiah Masses,CB,0,0,10,0.18,0,0,,0,0,0,,,f,f,2026-09-17 03:26:47.483+00
2026,1,2026_01_MIA_LV,LV,MIA,CrosMa00,Maxx Crosby,DE,0,0,46,0.82,6,0.23,LV,15,0,935,0.000,0.947,t,f,2026-09-17 03:26:47.483+00
2026,1,2026_01_MIA_LV,LV,MIA,PayeKw00,Kwity Paye,DE,0,0,32,0.57,0,0,IND,17,0,721,0.000,0.621,f,t,2026-09-17 03:26:47.483+00
2026,1,2026_01_MIA_LV,LV,MIA,KoonMa00,Malcolm Koonce,DE,0,0,29,0.52,0,0,LV,17,0,501,0.000,0.444,t,f,2026-09-17 03:26:47.483+00
2026,1,2026_01_MIA_LV,LV,MIA,JohnPa02,Patrick Johnson,DE,0,0,7,0.12,20,0.77,PHI,9,0,115,0.000,0.202,f,t,2026-09-17 03:26:47.483+00
2026,1,2026_01_MIA_LV,LV,MIA,HemiTo00,Tonka Hemingway,DT,0,0,32,0.57,12,0.46,LV,9,4,195,0.007,0.326,t,f,2026-09-17 03:26:47.483+00
2026,1,2026_01_MIA_LV,LV,MIA,ButlAd00,Adam Butler,DT,0,0,21,0.38,0,0,LV,15,0,684,0.000,0.699,t,f,2026-09-17 03:26:47.483+00
2026,1,2026_01_MIA_LV,LV,MIA,FatuFo00,Folorunso Fatukasi,DT,0,0,19,0.34,6,0.23,HOU,4,0,101,0.000,0.373,f,t,2026-09-17 03:26:47.483+00
2026,1,2026_01_MIA_LV,LV,MIA,LaulJo00,Jonah Laulu,DT,0,0,19,0.34,0,0,LV,17,0,764,0.000,0.678,t,f,2026-09-17 03:26:47.483+00
2026,1,2026_01_MIA_LV,LV,MIA,BookTh00,Thomas Booker,DT,0,0,19,0.34,6,0.23,LV,17,0,603,0.000,0.536,t,f,2026-09-17 03:26:47.483+00
2026,1,2026_01_MIA_LV,LV,MIA,HeywCo00,Connor Heyward,FB,32,0.47,0,0,8,0.31,PIT,18,93,0,0.084,0.000,f,t,2026-09-17 03:26:47.483+00
2026,1,2026_01_MIA_LV,LV,MIA,PoweJa00,Jackson Powers-Johnson,G,68,1,0,0,6,0.23,LV,8,354,0,0.758,0.000,t,f,2026-09-17 03:26:47.483+00
2026,1,2026_01_MIA_LV,LV,MIA,BurfSp00,Spencer Burford,G,68,1,0,0,6,0.23,SF,13,577,0,0.707,0.000,f,t,2026-09-17 03:26:47.483+00
2026,1,2026_01_MIA_LV,LV,MIA,RogeCa01,Caleb Rogers,G,0,0,0,0,6,0.23,LV,6,284,0,0.892,0.000,t,f,2026-09-17 03:26:47.483+00
2026,1,2026_01_MIA_LV,LV,MIA,ZuhnTr01,Trey Zuhn,G,0,0,0,0,6,0.23,,0,0,0,,,f,f,2026-09-17 03:26:47.483+00
2026,1,2026_01_MIA_LV,LV,MIA,GayxMa00,Matt Gay,K,0,0,0,0,12,0.46,SF|WAS,12,0,0,0.000,0.000,f,t,2026-09-17 03:26:47.483+00
2026,1,2026_01_MIA_LV,LV,MIA,DeanNa00,Nakobe Dean,LB,0,0,56,1,0,0,PHI,11,0,462,0.000,0.645,f,t,2026-09-17 03:26:47.483+00
2026,1,2026_01_MIA_LV,LV,MIA,WalkQu00,Quay Walker,LB,0,0,56,1,0,0,GB,15,0,978,0.000,0.957,f,t,2026-09-17 03:26:47.483+00
2026,1,2026_01_MIA_LV,LV,MIA,OlubSe00,Segun Olubi,LB,0,0,0,0,20,0.77,IND,17,0,6,0.000,0.005,f,t,2026-09-17 03:26:47.483+00
2026,1,2026_01_MIA_LV,LV,MIA,EichTo00,Tommy Eichenberg,LB,0,0,8,0.14,20,0.77,LV,17,0,89,0.000,0.079,t,f,2026-09-17 03:26:47.483+00
2026,1,2026_01_MIA_LV,LV,MIA,WardAl00,Alex Ward,LS,0,0,0,0,9,0.35,LA,8,0,0,0.000,0.000,f,t,2026-09-17 03:26:47.483+00
2026,1,2026_01_MIA_LV,LV,MIA,ColeAJ01,AJ Cole III,P,0,0,0,0,9,0.35,LV,17,0,0,0.000,0.000,t,f,2026-09-17 03:26:47.483+00
2026,1,2026_01_MIA_LV,LV,MIA,CousKi00,Kirk Cousins,QB,68,1,0,0,0,0,ATL,10,543,0,0.861,0.000,f,t,2026-09-17 03:26:47.483+00
2026,1,2026_01_MIA_LV,LV,MIA,JeanAs00,Ashton Jeanty,RB,50,0.74,0,0,0,0,LV,17,771,0,0.779,0.000,t,f,2026-09-17 03:26:47.483+00
2026,1,2026_01_MIA_LV,LV,MIA,LaubDy00,Dylan Laube,RB,10,0.15,0,0,20,0.77,LV,17,27,0,0.029,0.000,t,f,2026-09-17 03:26:47.483+00
2026,1,2026_01_MIA_LV,LV,MIA,WashMi00,Mike Washington Jr.,RB,13,0.19,0,0,0,0,,0,0,0,,,f,f,2026-09-17 03:26:47.483+00
2026,1,2026_01_MIA_LV,LV,MIA,ChinJe00,Jeremy Chinn,S,0,0,56,1,6,0.23,LV,15,0,996,0.000,0.999,t,f,2026-09-17 03:26:47.483+00
2026,1,2026_01_MIA_LV,LV,MIA,StukTr00,Treydan Stukes,S,0,0,56,1,12,0.46,,0,0,0,,,f,f,2026-09-17 03:26:47.483+00
2026,1,2026_01_MIA_LV,LV,MIA,PolaIs00,Isaiah Pola-Mao,S,0,0,0,0,20,0.77,LV,17,0,1080,0.000,0.961,t,f,2026-09-17 03:26:47.483+00
2026,1,2026_01_MIA_LV,LV,MIA,McCoTr00,Tristin McCollum,S,0,0,0,0,14,0.54,LV,16,0,145,0.000,0.128,t,f,2026-09-17 03:26:47.483+00
2026,1,2026_01_MIA_LV,LV,MIA,GlazDe00,Delmar Glaze,T,68,1,0,0,6,0.23,LV,17,992,0,0.999,0.000,t,f,2026-09-17 03:26:47.483+00
2026,1,2026_01_MIA_LV,LV,MIA,MillKo00,Kolton Miller,T,68,1,0,0,6,0.23,LV,4,250,0,0.995,0.000,t,f,2026-09-17 03:26:47.483+00
2026,1,2026_01_MIA_LV,LV,MIA,GranCh00,Charles Grant,T,0,0,0,0,6,0.23,LV,9,59,0,0.113,0.000,t,f,2026-09-17 03:26:47.483+00
2026,1,2026_01_MIA_LV,LV,MIA,MayeMi00,Michael Mayer,TE,55,0.81,0,0,0,0,LV,13,465,0,0.618,0.000,t,f,2026-09-17 03:26:47.483+00
2026,1,2026_01_MIA_LV,LV,MIA,ThomIa00,Ian Thomas,TE,31,0.46,0,0,0,0,LV,15,318,0,0.359,0.000,t,f,2026-09-17 03:26:47.483+00
2026,1,2026_01_MIA_LV,LV,MIA,MyarCh00,Chris Myarick,TE,5,0.07,0,0,3,0.12,,0,0,0,,,f,f,2026-09-17 03:26:47.483+00
2026,1,2026_01_MIA_LV,LV,MIA,TuckTr00,Tre Tucker,WR,48,0.71,0,0,0,0,LV,17,942,0,0.948,0.000,t,f,2026-09-17 03:26:47.483+00
2026,1,2026_01_MIA_LV,LV,MIA,NailJa00,Jalen Nailor,WR,41,0.6,0,0,0,0,MIN,17,653,0,0.654,0.000,f,t,2026-09-17 03:26:47.483+00
2026,1,2026_01_MIA_LV,LV,MIA,BechJa00,Jack Bech,WR,27,0.4,0,0,3,0.12,LV,16,343,0,0.398,0.000,t,f,2026-09-17 03:26:47.483+00
2026,1,2026_01_MIA_LV,LV,MIA,WhitCo05,Cody White,WR,11,0.16,0,0,14,0.54,SEA,10,165,0,0.276,0.000,f,t,2026-09-17 03:26:47.483+00
2026,1,2026_01_MIA_LV,LV,MIA,YounDa02,Dareke Young,WR,10,0.15,0,0,14,0.54,SEA,12,69,0,0.094,0.000,f,t,2026-09-17 03:26:47.483+00
2026,1,2026_01_MIA_LV,LV,MIA,BensMa00,Malik Benson,WR,7,0.1,0,0,2,0.08,,0,0,0,,,f,f,2026-09-17 03:26:47.483+00
2026,1,2026_01_MIA_LV,MIA,LV,BrewAa01,Aaron Brewer,C,56,1,0,0,0,0,MIA,16,911,0,0.984,0.000,t,f,2026-09-17 03:26:47.483+00
2026,1,2026_01_MIA_LV,MIA,LV,JohnCh09,Chris Johnson,CB,0,0,68,1,7,0.27,,0,0,0,,,f,f,2026-09-17 03:26:47.483+00
2026,1,2026_01_MIA_LV,MIA,LV,MarsJa00,Jason Marshall,CB,0,0,64,0.94,9,0.35,MIA,12,0,242,0.000,0.314,t,f,2026-09-17 03:26:47.483+00
2026,1,2026_01_MIA_LV,MIA,LV,BrenJu00,Julius Brents,CB,0,0,26,0.38,1,0.04,MIA,7,0,110,0.000,0.236,t,f,2026-09-17 03:26:47.483+00
2026,1,2026_01_MIA_LV,MIA,LV,DialMa00,Marcellas Dial,CB,0,0,0,0,9,0.35,,0,0,0,,,f,f,2026-09-17 03:26:47.483+00
2026,1,2026_01_MIA_LV,MIA,LV,RobiCh00,Chop Robinson,DE,0,0,42,0.62,1,0.04,MIA,15,0,417,0.000,0.439,t,f,2026-09-17 03:26:47.483+00
2026,1,2026_01_MIA_LV,MIA,LV,HerrMa02,Malik Herring,DE,0,0,32,0.47,1,0.04,KC,2,0,6,0.000,0.050,f,t,2026-09-17 03:26:47.483+00
2026,1,2026_01_MIA_LV,MIA,LV,UcheJo00,Joshua Uche,DE,0,0,29,0.43,1,0.04,PHI,12,0,244,0.000,0.311,f,t,2026-09-17 03:26:47.483+00
2026,1,2026_01_MIA_LV,MIA,LV,BealRo00,Robert Beal,DE,0,0,14,0.21,15,0.58,SF,8,0,104,0.000,0.193,f,t,2026-09-17 03:26:47.483+00
2026,1,2026_01_MIA_LV,MIA,LV,FerrCl00,Clelin Ferrell,DE,0,0,11,0.16,0,0,LAC|SF,11,0,301,0.000,0.455,f,t,2026-09-17 03:26:47.483+00
2026,1,2026_01_MIA_LV,MIA,LV,SielZa00,Zach Sieler,DL,0,0,48,0.71,11,0.42,MIA,17,0,779,0.000,0.726,t,f,2026-09-17 03:26:47.483+00
2026,1,2026_01_MIA_LV,MIA,LV,BiggZe01,Zeek Biggers,DL,0,0,42,0.62,10,0.38,MIA,9,0,214,0.000,0.369,t,f,2026-09-17 03:26:47.483+00
2026,1,2026_01_MIA_LV,MIA,LV,PhilJo02,Jordan Phillips,DL,0,0,41,0.6,6,0.23,MIA,17,0,465,0.000,0.436,t,f,2026-09-17 03:26:47.483+00
2026,1,2026_01_MIA_LV,MIA,LV,CoopKe00,Keith Cooper Jr.,DL,0,0,15,0.22,6,0.23,CLE,1,0,1,0.000,0.020,f,t,2026-09-17 03:26:47.483+00
2026,1,2026_01_MIA_LV,MIA,LV,HermDJ00,DJ Herman,FB,15,0.27,0,0,3,0.12,,0,0,0,,,f,f,2026-09-17 03:26:47.483+00
2026,1,2026_01_MIA_LV,MIA,LV,SavaJo00,Jonah Savaiinaea,G,56,1,0,0,4,0.15,MIA,17,981,0,0.998,0.000,t,f,2026-09-17 03:26:47.483+00
2026,1,2026_01_MIA_LV,MIA,LV,ProcKa00,Kadyn Proctor,G,56,1,0,0,4,0.15,,0,0,0,,,f,f,2026-09-17 03:26:47.483+00
2026,1,2026_01_MIA_LV,MIA,LV,WallCa00,Caedan Wallace,G,1,0.02,0,0,4,0.15,NE,4,8,0,0.030,0.000,f,t,2026-09-17 03:26:47.483+00
2026,1,2026_01_MIA_LV,MIA,LV,PattRi01,Riley Patterson,K,0,0,0,0,7,0.27,MIA,17,0,0,0.000,0.000,t,f,2026-09-17 03:26:47.483+00
2026,1,2026_01_MIA_LV,MIA,LV,RodrJa00,Jacob Rodriguez,LB,0,0,68,1,7,0.27,,0,0,0,,,f,f,2026-09-17 03:26:47.483+00
2026,1,2026_01_MIA_LV,MIA,LV,BrooJo01,Jordyn Brooks,LB,0,0,67,0.99,7,0.27,MIA,17,0,984,0.000,0.915,t,f,2026-09-17 03:26:47.483+00
2026,1,2026_01_MIA_LV,MIA,LV,GayJWi00,Willie Gay Jr.,LB,0,0,41,0.6,2,0.08,MIA,17,0,131,0.000,0.125,t,f,2026-09-17 03:26:47.483+00
2026,1,2026_01_MIA_LV,MIA,LV,WoodJa02,Jackson Woodard,LB,0,0,1,0.01,15,0.58,HOU|MIA,4,0,0,0.000,0.000,t,f,2026-09-17 03:26:47.483+00
2026,1,2026_01_MIA_LV,MIA,LV,HarrRo02,Ronnie Harrison,LB,0,0,0,0,12,0.46,ATL,10,0,277,0.000,0.391,f,t,2026-09-17 03:26:47.483+00
2026,1,2026_01_MIA_LV,MIA,LV,AddiTu00,Tucker Addington,LS,0,0,0,0,8,0.31,,0,0,0,,,f,f,2026-09-17 03:26:47.483+00
2026,1,2026_01_MIA_LV,MIA,LV,PiniBr00,Bradley Pinion,P,0,0,0,0,8,0.31,ATL,17,0,0,0.000,0.000,f,t,2026-09-17 03:26:47.483+00
2026,1,2026_01_MIA_LV,MIA,LV,WillMa12,Malik Willis,QB,56,1,0,0,0,0,GB,4,98,0,0.423,0.000,f,t,2026-09-17 03:26:47.483+00
2026,1,2026_01_MIA_LV,MIA,LV,AchaDe00,De'Von Achane,RB,48,0.86,0,0,0,0,MIA,16,694,1,0.754,0.001,t,f,2026-09-17 03:26:47.483+00
2026,1,2026_01_MIA_LV,MIA,LV,WrigJa04,Jaylen Wright,RB,4,0.07,0,0,5,0.19,MIA,10,127,0,0.215,0.000,t,f,2026-09-17 03:26:47.483+00
2026,1,2026_01_MIA_LV,MIA,LV,GordOl00,Ollie Gordon,RB,4,0.07,0,0,5,0.19,MIA,17,222,0,0.224,0.000,t,f,2026-09-17 03:26:47.483+00
2026,1,2026_01_MIA_LV,MIA,LV,AndeZa02,Zayne Anderson,S,0,0,53,0.78,0,0,GB,14,0,22,0.000,0.023,f,t,2026-09-17 03:26:47.483+00
2026,1,2026_01_MIA_LV,MIA,LV,TaafMi00,Michael Taaffe,S,0,0,51,0.75,8,0.31,,0,0,0,,,f,f,2026-09-17 03:26:47.483+00
2026,1,2026_01_MIA_LV,MIA,LV,TradDa00,Dante Trader,S,0,0,32,0.47,14,0.54,MIA,17,1,419,0.001,0.401,t,f,2026-09-17 03:26:47.483+00
2026,1,2026_01_MIA_LV,MIA,LV,WoodJu00,Julius Wood,S,0,0,0,0,17,0.65,,0,0,0,,,f,f,2026-09-17 03:26:47.483+00
2026,1,2026_01_MIA_LV,MIA,LV,LouiKy00,Kyle Louis,S,0,0,3,0.04,14,0.54,,0,0,0,,,f,f,2026-09-17 03:26:47.483+00
2026,1,2026_01_MIA_LV,MIA,LV,JackAu00,Austin Jackson,T,56,1,0,0,4,0.15,MIA,6,319,0,0.943,0.000,t,f,2026-09-17 03:26:47.483+00
2026,1,2026_01_MIA_LV,MIA,LV,PaulPa01,Patrick Paul,T,56,1,0,0,4,0.15,MIA,17,974,0,0.992,0.000,t,f,2026-09-17 03:26:47.483+00
2026,1,2026_01_MIA_LV,MIA,LV,KingJa02,Jarrett Kingston,T,0,0,0,0,4,0.15,HOU,4,32,0,0.123,0.000,f,t,2026-09-17 03:26:47.483+00
2026,1,2026_01_MIA_LV,MIA,LV,DulcGr00,Greg Dulcich,TE,43,0.77,0,0,4,0.15,MIA,10,245,0,0.422,0.000,t,f,2026-09-17 03:26:47.483+00
2026,1,2026_01_MIA_LV,MIA,LV,TraoSe00,Seydou Traore,TE,0,0,0,0,15,0.58,,0,0,0,,,f,f,2026-09-17 03:26:47.483+00
2026,1,2026_01_MIA_LV,MIA,LV,KacmWi00,Will Kacmarek,TE,14,0.25,0,0,6,0.23,,0,0,0,,,f,f,2026-09-17 03:26:47.483+00
2026,1,2026_01_MIA_LV,MIA,LV,WashMa00,Malik Washington,WR,55,0.98,0,0,9,0.35,MIA,17,562,0,0.570,0.000,t,f,2026-09-17 03:26:47.483+00
2026,1,2026_01_MIA_LV,MIA,LV,DougCa00,Caleb Douglas,WR,51,0.91,0,0,0,0,,0,0,0,,,f,f,2026-09-17 03:26:47.483+00
2026,1,2026_01_MIA_LV,MIA,LV,BellCh00,Chris Bell,WR,29,0.52,0,0,4,0.15,,0,0,0,,,f,f,2026-09-17 03:26:47.483+00
2026,1,2026_01_MIA_LV,MIA,LV,ColeKe03,Kevin Coleman,WR,16,0.29,0,0,0,0,,0,0,0,,,f,f,2026-09-17 03:26:47.483+00
2026,1,2026_01_MIA_LV,MIA,LV,MillRy01,Ryan Miller,WR,0,0,0,0,15,0.58,TB,13,123,0,0.145,0.000,f,t,2026-09-17 03:26:47.483+00
2026,1,2026_01_NE_SEA,NE,SEA,GonzCh00,Christian Gonzalez,CB,0,0,50,1,0,0,NE,18,0,1014,0.000,0.913,t,f,2026-09-17 03:26:47.554+00
2026,1,2026_01_NE_SEA,NE,SEA,DaviCa02,Carlton Davis,CB,0,0,49,0.98,0,0,NE,21,0,1168,0.000,0.915,t,f,2026-09-17 03:26:47.554+00
2026,1,2026_01_NE_SEA,NE,SEA,JoneMa06,Marcus Jones,CB,0,0,24,0.48,5,0.23,NE,21,0,904,0.000,0.705,t,f,2026-09-17 03:26:47.554+00
2026,1,2026_01_NE_SEA,NE,SEA,WoodCh01,Charles Woods,CB,0,0,1,0.02,16,0.73,NE,19,0,153,0.000,0.128,t,f,2026-09-17 03:26:47.554+00
2026,1,2026_01_NE_SEA,NE,SEA,CanaCh00,Channing Canada,CB,0,0,0,0,11,0.5,,0,0,0,,,f,f,2026-09-17 03:26:47.554+00
2026,1,2026_01_NE_SEA,NE,SEA,TaylLe01,Leonard Taylor,DL,0,0,7,0.14,2,0.09,NE|NYJ,9,0,169,0.000,0.289,t,f,2026-09-17 03:26:47.554+00
2026,1,2026_01_NE_SEA,NE,SEA,WillMi08,Milton Williams,DT,0,0,33,0.66,6,0.27,NE,16,1,608,0.001,0.619,t,f,2026-09-17 03:26:47.554+00
2026,1,2026_01_NE_SEA,NE,SEA,BarmCh00,Christian Barmore,DT,0,0,30,0.6,6,0.27,NE,21,0,842,0.000,0.659,t,f,2026-09-17 03:26:47.554+00
2026,1,2026_01_NE_SEA,NE,SEA,DurdCo00,Cory Durden,DT,0,0,28,0.56,2,0.09,NE,21,0,512,0.000,0.395,t,f,2026-09-17 03:26:47.554+00
2026,1,2026_01_NE_SEA,NE,SEA,FarmJo00,Joshua Farmer,DT,0,0,9,0.18,0,0,NE,13,0,224,0.000,0.285,t,f,2026-09-17 03:26:47.554+00
2026,1,2026_01_NE_SEA,NE,SEA,GillRe00,Reggie Gilliam,FB,13,0.18,0,0,12,0.55,BUF,19,259,0,0.207,0.000,f,t,2026-09-17 03:26:47.483+00
2026,1,2026_01_NE_SEA,NE,SEA,VeraAl00,Alijah Vera-Tucker,G,71,1,0,0,2,0.09,,0,0,0,,,f,f,2026-09-17 03:26:47.483+00
2026,1,2026_01_NE_SEA,NE,SEA,BorrAn00,Andres Borregales,K,0,0,0,0,5,0.23,NE,21,0,0,0.000,0.000,t,f,2026-09-17 03:26:47.554+00
2026,1,2026_01_NE_SEA,NE,SEA,SpilRo00,Robert Spillane,LB,0,0,50,1,3,0.14,NE,17,0,955,0.000,0.915,t,f,2026-09-17 03:26:47.554+00
2026,1,2026_01_NE_SEA,NE,SEA,ElliCh00,Christian Elliss,LB,0,0,49,0.98,3,0.14,NE,19,0,657,0.000,0.565,t,f,2026-09-17 03:26:47.554+00
2026,1,2026_01_NE_SEA,NE,SEA,JoneDr00,Dre'Mont Jones,LB,0,0,42,0.84,6,0.27,BAL|TEN,18,0,791,0.000,0.684,f,t,2026-09-17 03:26:47.554+00
2026,1,2026_01_NE_SEA,NE,SEA,PondEl02,Elijah Ponder,LB,0,0,39,0.78,11,0.5,NE,19,0,314,0.000,0.270,t,f,2026-09-17 03:26:47.554+00
2026,1,2026_01_NE_SEA,NE,SEA,JacaGa00,Gabe Jacas,LB,0,0,19,0.38,20,0.91,,0,0,0,,,f,f,2026-09-17 03:26:47.554+00
2026,1,2026_01_NE_SEA,NE,SEA,ObiaNa00,Namdi Obiazor,LB,0,0,0,0,20,0.91,,0,0,0,,,f,f,2026-09-17 03:26:47.554+00
2026,1,2026_01_NE_SEA,NE,SEA,MuasDa00,Darius Muasau,LB,0,0,0,0,14,0.64,NYG,12,0,455,0.000,0.583,f,t,2026-09-17 03:26:47.554+00
2026,1,2026_01_NE_SEA,NE,SEA,HutcQu00,Quintayvious Hutchins,LB,0,0,0,0,3,0.14,,0,0,0,,,f,f,2026-09-17 03:26:47.554+00
2026,1,2026_01_NE_SEA,NE,SEA,AshbJu00,Julian Ashby,LS,0,0,0,0,7,0.32,NE,21,0,0,0.000,0.000,t,f,2026-09-17 03:26:47.554+00
2026,1,2026_01_NE_SEA,NE,SEA,WilsJa02,Jared Wilson,OL,71,1,0,0,0,0,NE,17,1049,0,0.942,0.000,t,f,2026-09-17 03:26:47.483+00
2026,1,2026_01_NE_SEA,NE,SEA,OnweMi00,Michael Onwenu,OL,71,1,0,0,2,0.09,NE,21,1346,0,0.991,0.000,t,f,2026-09-17 03:26:47.483+00
2026,1,2026_01_NE_SEA,NE,SEA,VanRGr00,Greg Van Roten,OL,2,0.03,0,0,2,0.09,NYG,17,1150,0,1.000,0.000,f,t,2026-09-17 03:26:47.483+00
2026,1,2026_01_NE_SEA,NE,SEA,WishMi00,Mitch Wishnowsky,P,0,0,0,0,7,0.32,BUF,15,0,0,0.000,0.000,f,t,2026-09-17 03:26:47.554+00
2026,1,2026_01_NE_SEA,NE,SEA,MayeDr00,Drake Maye,QB,71,1,0,0,0,0,NE,21,1314,0,0.966,0.000,t,f,2026-09-17 03:26:47.483+00
2026,1,2026_01_NE_SEA,NE,SEA,StevRh00,Rhamondre Stevenson,RB,60,0.85,0,0,0,0,NE,18,718,0,0.618,0.000,t,f,2026-09-17 03:26:47.483+00
2026,1,2026_01_NE_SEA,NE,SEA,KineCo00,Corey Kiner,RB,8,0.11,0,0,0,0,ARI,4,30,0,0.133,0.000,f,t,2026-09-17 03:26:47.483+00
2026,1,2026_01_NE_SEA,NE,SEA,LariLa00,Lan Larison,RB,3,0.04,0,0,6,0.27,,0,0,0,,,f,f,2026-09-17 03:26:47.483+00
2026,1,2026_01_NE_SEA,NE,SEA,WoodCr00,Craig Woodson,S,0,0,50,1,3,0.14,NE,21,0,1203,0.000,0.938,t,f,2026-09-17 03:26:47.554+00
2026,1,2026_01_NE_SEA,NE,SEA,ByarKe01,Kevin Byard,S,0,0,50,1,0,0,CHI,19,0,1220,0.000,0.998,f,t,2026-09-17 03:26:47.554+00
2026,1,2026_01_NE_SEA,NE,SEA,PettDe00,Dell Pettus,S,0,0,20,0.4,20,0.91,NE,21,0,140,0.000,0.106,t,f,2026-09-17 03:26:47.554+00
2026,1,2026_01_NE_SEA,NE,SEA,ReedJa04,Jaylen Reed,S,0,0,0,0,8,0.36,HOU,9,0,173,0.000,0.311,f,t,2026-09-17 03:26:47.554+00
2026,1,2026_01_NE_SEA,NE,SEA,MoseMo00,Morgan Moses,T,71,1,0,0,0,0,NE,21,1295,0,0.954,0.000,t,f,2026-09-17 03:26:47.483+00
2026,1,2026_01_NE_SEA,NE,SEA,CampWi01,Will Campbell,T,71,1,0,0,2,0.09,NE,17,1047,0,0.951,0.000,t,f,2026-09-17 03:26:47.483+00
2026,1,2026_01_NE_SEA,NE,SEA,LomuCa00,Caleb Lomu,T,0,0,0,0,2,0.09,,0,0,0,,,f,f,2026-09-17 03:26:47.554+00
2026,1,2026_01_NE_SEA,NE,SEA,CrowDa00,Dametrious Crownover,T,0,0,0,0,2,0.09,,0,0,0,,,f,f,2026-09-17 03:26:47.554+00
2026,1,2026_01_NE_SEA,NE,SEA,HenrHu00,Hunter Henry,TE,54,0.76,0,0,0,0,NE,21,1067,0,0.786,0.000,t,f,2026-09-17 03:26:47.483+00
2026,1,2026_01_NE_SEA,NE,SEA,RariEl00,Eli Raridon,TE,38,0.54,0,0,4,0.18,,0,0,0,,,f,f,2026-09-17 03:26:47.483+00
2026,1,2026_01_NE_SEA,NE,SEA,LatuCa01,Cameron Latu,TE,0,0,0,0,14,0.64,PHI,16,104,0,0.104,0.000,f,t,2026-09-17 03:26:47.554+00
2026,1,2026_01_NE_SEA,NE,SEA,ArkiTa00,Tanner Arkin,TE,0,0,0,0,4,0.18,,0,0,0,,,f,f,2026-09-17 03:26:47.554+00
2026,1,2026_01_NE_SEA,NE,SEA,HollMa00,Mack Hollins,WR,50,0.7,0,0,8,0.36,NE,17,749,1,0.676,0.001,t,f,2026-09-17 03:26:47.483+00
2026,1,2026_01_NE_SEA,NE,SEA,DougDe00,DeMario Douglas,WR,44,0.62,0,0,0,0,NE,21,367,0,0.266,0.000,t,f,2026-09-17 03:26:47.483+00
2026,1,2026_01_NE_SEA,NE,SEA,DoubRo00,Romeo Doubs,WR,40,0.56,0,0,0,0,GB,17,832,0,0.773,0.000,f,t,2026-09-17 03:26:47.483+00
2026,1,2026_01_NE_SEA,NE,SEA,BrowAJ00,A.J. Brown,WR,31,0.44,0,0,0,0,PHI,16,916,0,0.913,0.000,f,t,2026-09-17 03:26:47.483+00
2026,1,2026_01_NE_SEA,NE,SEA,WillKy03,Kyle Williams,WR,12,0.17,0,0,4,0.18,NE,21,411,0,0.304,0.000,t,f,2026-09-17 03:26:47.483+00
2026,1,2026_01_NE_SEA,SEA,NE,SundJa00,Jalen Sundell,C,50,1,0,0,3,0.14,SEA,16,921,0,0.921,0.000,t,f,2026-09-17 03:26:47.483+00
2026,1,2026_01_NE_SEA,SEA,NE,WithDe00,Devon Witherspoon,CB,0,0,70,0.99,2,0.09,SEA,15,0,903,0.000,0.934,t,f,2026-09-17 03:26:47.483+00
2026,1,2026_01_NE_SEA,SEA,NE,JobeJo00,Josh Jobe,CB,0,0,70,0.99,0,0,SEA,19,0,937,0.000,0.744,t,f,2026-09-17 03:26:47.483+00
2026,1,2026_01_NE_SEA,SEA,NE,PritNe00,Nehemiah Pritchett,CB,0,0,53,0.75,4,0.18,SEA,20,0,100,0.000,0.074,t,f,2026-09-17 03:26:47.483+00
2026,1,2026_01_NE_SEA,SEA,NE,SmitAv00,Avery Smith,CB,0,0,0,0,9,0.41,,0,0,0,,,f,f,2026-09-17 03:26:47.483+00
2026,1,2026_01_NE_SEA,SEA,NE,NealJu00,Julian Neal,CB,0,0,0,0,5,0.23,,0,0,0,,,f,f,2026-09-17 03:26:47.483+00
2026,1,2026_01_NE_SEA,SEA,NE,MurpBy01,Byron Murphy,DE,0,0,50,0.7,2,0.09,SEA,20,0,901,0.000,0.685,t,f,2026-09-17 03:26:47.483+00
2026,1,2026_01_NE_SEA,SEA,NE,ReedJa02,Jarran Reed,DE,0,0,34,0.48,2,0.09,SEA,16,0,493,0.000,0.461,t,f,2026-09-17 03:26:47.483+00
2026,1,2026_01_NE_SEA,SEA,NE,WillLe02,Leonard Williams,DT,0,0,49,0.69,2,0.09,SEA,20,0,950,0.000,0.720,t,f,2026-09-17 03:26:47.483+00
2026,1,2026_01_NE_SEA,SEA,NE,MillRy02,Rylie Mills,DT,0,0,16,0.23,3,0.14,SEA,6,0,34,0.000,0.097,t,f,2026-09-17 03:26:47.483+00
2026,1,2026_01_NE_SEA,SEA,NE,RussBr00,Brady Russell,FB,17,0.34,0,0,20,0.91,SEA,20,66,0,0.053,0.000,t,f,2026-09-17 03:26:47.483+00
2026,1,2026_01_NE_SEA,SEA,NE,BradAn00,Anthony Bradford,G,50,1,0,0,3,0.14,SEA,20,1224,0,0.974,0.000,t,f,2026-09-17 03:26:47.483+00
2026,1,2026_01_NE_SEA,SEA,NE,ZabeGr00,Grey Zabel,G,50,1,0,0,3,0.14,SEA,20,1243,0,0.991,0.000,t,f,2026-09-17 03:26:47.483+00
2026,1,2026_01_NE_SEA,SEA,NE,HaynCh00,Christian Haynes,G,0,0,0,0,3,0.14,SEA,10,38,0,0.057,0.000,t,f,2026-09-17 03:26:47.483+00
2026,1,2026_01_NE_SEA,SEA,NE,JoneJo07,Josh Jones,G,1,0.02,0,0,0,0,SEA,16,261,0,0.248,0.000,t,f,2026-09-17 03:26:47.483+00
2026,1,2026_01_NE_SEA,SEA,NE,MyerJa00,Jason Myers,K,0,0,0,0,7,0.32,SEA,20,0,0,0.000,0.000,t,f,2026-09-17 03:26:47.483+00
2026,1,2026_01_NE_SEA,SEA,NE,ThomDr00,Drake Thomas,LB,0,0,71,1,5,0.23,SEA,20,0,874,0.000,0.658,t,f,2026-09-17 03:26:47.483+00
2026,1,2026_01_NE_SEA,SEA,NE,JoneEr01,Ernest Jones,LB,0,0,71,1,2,0.09,SEA,18,0,1088,0.000,0.934,t,f,2026-09-17 03:26:47.483+00
2026,1,2026_01_NE_SEA,SEA,NE,HallDe04,Derick Hall,LB,0,0,44,0.62,2,0.09,SEA,17,0,513,0.000,0.459,t,f,2026-09-17 03:26:47.483+00
2026,1,2026_01_NE_SEA,SEA,NE,LawrDe00,DeMarcus Lawrence,LB,0,0,42,0.59,2,0.09,SEA,19,0,745,0.000,0.592,t,f,2026-09-17 03:26:47.483+00
2026,1,2026_01_NE_SEA,SEA,NE,NwosUc00,Uchenna Nwosu,LB,0,0,33,0.46,0,0,SEA,19,0,681,0.000,0.547,t,f,2026-09-17 03:26:47.483+00
2026,1,2026_01_NE_SEA,SEA,NE,OTooCo00,Connor O'Toole,LB,0,0,0,0,19,0.86,SEA,11,0,32,0.000,0.045,t,f,2026-09-17 03:26:47.483+00
2026,1,2026_01_NE_SEA,SEA,NE,SurrCh00,Chazz Surratt,LB,0,0,0,0,17,0.77,SEA,11,0,7,0.000,0.010,t,f,2026-09-17 03:26:47.483+00
2026,1,2026_01_NE_SEA,SEA,NE,OConPa01,Patrick O'Connell,LB,0,0,1,0.01,17,0.77,SEA,12,0,65,0.000,0.078,t,f,2026-09-17 03:26:47.483+00
2026,1,2026_01_NE_SEA,SEA,NE,KnigTy00,Tyrice Knight,LB,0,0,14,0.2,17,0.77,SEA,19,0,327,0.000,0.254,t,f,2026-09-17 03:26:47.483+00
2026,1,2026_01_NE_SEA,SEA,NE,FowlDa00,Dante Fowler,LB,0,0,16,0.23,2,0.09,DAL,17,0,359,0.000,0.320,f,t,2026-09-17 03:26:47.483+00
2026,1,2026_01_NE_SEA,SEA,NE,StolCh00,Chris Stoll,LS,0,0,0,0,8,0.36,SEA,20,0,0,0.000,0.000,t,f,2026-09-17 03:26:47.483+00
2026,1,2026_01_NE_SEA,SEA,NE,PiliBr00,Brandon Pili,NT,0,0,6,0.08,3,0.14,SEA,15,0,172,0.000,0.181,t,f,2026-09-17 03:26:47.483+00
2026,1,2026_01_NE_SEA,SEA,NE,DickMi00,Michael Dickson,P,0,0,0,0,8,0.36,SEA,20,0,0,0.000,0.000,t,f,2026-09-17 03:26:47.483+00
2026,1,2026_01_NE_SEA,SEA,NE,LockDr00,Drew Lock,QB,45,0.9,0,0,0,0,SEA,6,44,0,0.127,0.000,t,f,2026-09-17 03:26:47.483+00
2026,1,2026_01_NE_SEA,SEA,NE,DarnSa00,Sam Darnold,QB,5,0.1,0,0,0,0,SEA,20,1212,0,0.962,0.000,t,f,2026-09-17 03:26:47.483+00
2026,1,2026_01_NE_SEA,SEA,NE,PricJa02,Jadarian Price,RB,24,0.48,0,0,0,0,,0,0,0,,,f,f,2026-09-17 03:26:47.483+00
2026,1,2026_01_NE_SEA,SEA,NE,HolaGe00,George Holani,RB,23,0.46,0,0,9,0.41,SEA,13,83,0,0.098,0.000,t,f,2026-09-17 03:26:47.483+00
2026,1,2026_01_NE_SEA,SEA,NE,JoneVe00,Velus Jones Jr.,RB,0,0,0,0,17,0.77,NO|SEA,10,20,0,0.036,0.000,t,f,2026-09-17 03:26:47.483+00
2026,1,2026_01_NE_SEA,SEA,NE,WilsEm00,Emanuel Wilson,RB,3,0.06,0,0,0,0,GB,18,339,0,0.304,0.000,f,t,2026-09-17 03:26:47.483+00
2026,1,2026_01_NE_SEA,SEA,NE,LoveJu00,Julian Love,S,0,0,71,1,2,0.09,SEA,11,0,634,0.000,0.894,t,f,2026-09-17 03:26:47.483+00
2026,1,2026_01_NE_SEA,SEA,NE,ThomRo07,Rodney Thomas II,S,0,0,70,0.99,0,0,IND,17,0,150,0.000,0.128,f,t,2026-09-17 03:26:47.483+00
2026,1,2026_01_NE_SEA,SEA,NE,LucaAb00,Abraham Lucas,T,50,1,0,0,3,0.14,SEA,20,1253,0,0.998,0.000,t,f,2026-09-17 03:26:47.483+00
2026,1,2026_01_NE_SEA,SEA,NE,CrosCh00,Charles Cross,T,50,1,0,0,3,0.14,SEA,17,997,0,0.942,0.000,t,f,2026-09-17 03:26:47.483+00
2026,1,2026_01_NE_SEA,SEA,NE,BarnAJ00,AJ Barner,TE,44,0.88,0,0,0,0,SEA,20,998,0,0.790,0.000,t,f,2026-09-17 03:26:47.483+00
2026,1,2026_01_NE_SEA,SEA,NE,SaubEr00,Eric Saubert,TE,10,0.2,0,0,18,0.82,SEA,14,371,0,0.416,0.000,t,f,2026-09-17 03:26:47.483+00
2026,1,2026_01_NE_SEA,SEA,NE,ArroEl00,Elijah Arroyo,TE,11,0.22,0,0,5,0.23,SEA,14,335,0,0.386,0.000,t,f,2026-09-17 03:26:47.483+00
2026,1,2026_01_NE_SEA,SEA,NE,SmitJa06,Jaxon Smith-Njigba,WR,45,0.9,0,0,0,0,SEA,20,972,0,0.770,0.000,t,f,2026-09-17 03:26:47.483+00
2026,1,2026_01_NE_SEA,SEA,NE,KuppCo00,Cooper Kupp,WR,39,0.78,0,0,0,0,SEA,19,915,0,0.757,0.000,t,f,2026-09-17 03:26:47.483+00
2026,1,2026_01_NE_SEA,SEA,NE,ShahRa00,Rashid Shaheed,WR,33,0.66,0,0,8,0.36,NO|SEA,21,806,0,0.596,0.000,t,f,2026-09-17 03:26:47.483+00
2026,1,2026_01_NE_SEA,SEA,NE,FostMo00,Montorie Foster,WR,0,0,0,0,7,0.32,,0,0,0,,,f,f,2026-09-17 03:26:47.483+00
2026,1,2026_01_NO_DET,DET,NO,ReedD.00,D.J. Reed,CB,0,0,89,0.99,0,0,DET,11,0,584,0.000,0.820,t,f,2026-09-17 03:26:47.554+00
2026,1,2026_01_NO_DET,DET,NO,Ya-SRo00,Rock Ya-Sin,CB,0,0,89,0.99,5,0.15,DET,17,0,611,0.000,0.536,t,f,2026-09-17 03:26:47.554+00
2026,1,2026_01_NO_DET,DET,NO,McCrRo01,Roger McCreary,CB,0,0,39,0.43,16,0.47,LA|TEN,17,0,415,0.000,0.379,f,t,2026-09-17 03:26:47.554+00
2026,1,2026_01_NO_DET,DET,NO,AbneKe00,Keith Abney,CB,0,0,25,0.28,5,0.15,,0,0,0,,,f,f,2026-09-17 03:26:47.554+00
2026,1,2026_01_NO_DET,DET,NO,DorsKh00,Khalil Dorsey,CB,0,0,0,0,23,0.68,DET,11,0,20,0.000,0.028,t,f,2026-09-17 03:26:47.554+00
2026,1,2026_01_NO_DET,DET,NO,MaddAv00,Avonte Maddox,DB,0,0,85,0.94,0,0,DET,14,0,342,0.000,0.356,t,f,2026-09-17 03:26:47.554+00
2026,1,2026_01_NO_DET,DET,NO,HutcAi00,Aidan Hutchinson,DE,0,0,75,0.83,0,0,DET,17,0,1005,0.000,0.911,t,f,2026-09-17 03:26:47.554+00
2026,1,2026_01_NO_DET,DET,NO,WonnDJ00,D.J. Wonnum,DE,0,0,69,0.77,5,0.15,CAR,17,0,745,0.000,0.684,f,t,2026-09-17 03:26:47.554+00
2026,1,2026_01_NO_DET,DET,NO,MoorDe03,Derrick Moore,DE,0,0,18,0.2,0,0,,0,0,0,,,f,f,2026-09-17 03:26:47.554+00
2026,1,2026_01_NO_DET,DET,NO,ONeiEr00,Eric O'Neill,DE,0,0,4,0.04,17,0.5,,0,0,0,,,f,f,2026-09-17 03:26:47.554+00
2026,1,2026_01_NO_DET,DET,NO,McNeAl00,Alim McNeill,DL,0,0,83,0.92,5,0.15,DET,10,0,524,0.000,0.758,t,f,2026-09-17 03:26:47.554+00
2026,1,2026_01_NO_DET,DET,NO,GillSk00,Skyler Gill-Howard,DL,0,0,47,0.52,5,0.15,,0,0,0,,,f,f,2026-09-17 03:26:47.554+00
2026,1,2026_01_NO_DET,DET,NO,WillTy02,Tyleik Williams,DL,0,0,35,0.39,5,0.15,DET,17,0,446,0.000,0.407,t,f,2026-09-17 03:26:47.554+00
2026,1,2026_01_NO_DET,DET,NO,LacyTy00,Tyler Lacy,DL,0,0,15,0.17,0,0,DET,10,0,237,0.000,0.377,t,f,2026-09-17 03:26:47.554+00
2026,1,2026_01_NO_DET,DET,NO,StilBe00,Ben Stille,DL,0,0,9,0.1,0,0,,0,0,0,,,f,f,2026-09-17 03:26:47.554+00
2026,1,2026_01_NO_DET,DET,NO,BateJa00,Jake Bates,K,0,0,0,0,11,0.32,DET,17,0,0,0.000,0.000,t,f,2026-09-17 03:26:47.554+00
2026,1,2026_01_NO_DET,DET,NO,CampJa04,Jack Campbell,LB,0,0,90,1,5,0.15,DET,17,0,1097,0.000,0.993,t,f,2026-09-17 03:26:47.554+00
2026,1,2026_01_NO_DET,DET,NO,BarnDe02,Derrick Barnes,LB,0,0,77,0.86,13,0.38,DET,17,0,940,0.000,0.861,t,f,2026-09-17 03:26:47.554+00
2026,1,2026_01_NO_DET,DET,NO,NowaTr00,Trevor Nowaske,LB,0,0,8,0.09,29,0.85,DET,15,0,74,0.000,0.075,t,f,2026-09-17 03:26:47.554+00
2026,1,2026_01_NO_DET,DET,NO,RodrMa00,Malcolm Rodriguez,LB,0,0,20,0.22,19,0.56,DET,7,0,72,0.000,0.179,t,f,2026-09-17 03:26:47.554+00
2026,1,2026_01_NO_DET,DET,NO,WhitDe02,Devin White,LB,0,0,18,0.2,0,0,LV,17,0,1118,0.000,0.994,f,t,2026-09-17 03:26:47.554+00
2026,1,2026_01_NO_DET,DET,NO,BachJo01,Joe Bachie,LB,0,0,0,0,18,0.53,IND|TEN,15,0,156,0.000,0.166,f,t,2026-09-17 03:26:47.554+00
2026,1,2026_01_NO_DET,DET,NO,HattHo00,Hogan Hatten,LS,0,0,0,0,12,0.35,DET,17,0,0,0.000,0.000,t,f,2026-09-17 03:26:47.554+00
2026,1,2026_01_NO_DET,DET,NO,ScruJu00,Juice Scruggs,OL,77,1,0,0,5,0.15,HOU,18,351,0,0.271,0.000,f,t,2026-09-17 03:26:47.554+00
2026,1,2026_01_NO_DET,DET,NO,RatlTa00,Tate Ratledge,OL,77,1,0,0,5,0.15,DET,17,1087,0,0.988,0.000,t,f,2026-09-17 03:26:47.554+00
2026,1,2026_01_NO_DET,DET,NO,BartBe00,Ben Bartch,OL,66,0.86,0,0,5,0.15,SF,6,200,0,0.490,0.000,f,t,2026-09-17 03:26:47.554+00
2026,1,2026_01_NO_DET,DET,NO,MahoCh00,Christian Mahogany,OL,11,0.14,0,0,0,0,DET,11,699,0,0.982,0.000,t,f,2026-09-17 03:26:47.554+00
2026,1,2026_01_NO_DET,DET,NO,BoroLa00,Larry Borom,OL,9,0.12,0,0,5,0.15,MIA,16,662,0,0.707,0.000,f,t,2026-09-17 03:26:47.554+00
2026,1,2026_01_NO_DET,DET,NO,FrazMi00,Miles Frazier,OL,0,0,0,0,5,0.15,DET,5,46,0,0.142,0.000,t,f,2026-09-17 03:26:47.554+00
2026,1,2026_01_NO_DET,DET,NO,FoxxJa01,Jack Fox,P,0,0,0,0,12,0.35,DET,17,0,0,0.000,0.000,t,f,2026-09-17 03:26:47.554+00
2026,1,2026_01_NO_DET,DET,NO,GoffJa00,Jared Goff,QB,77,1,0,0,0,0,DET,17,1083,0,0.985,0.000,t,f,2026-09-17 03:26:47.554+00
2026,1,2026_01_NO_DET,DET,NO,GibbJa01,Jahmyr Gibbs,RB,57,0.74,0,0,0,0,DET,17,737,0,0.670,0.000,t,f,2026-09-17 03:26:47.554+00
2026,1,2026_01_NO_DET,DET,NO,SaylJa00,Jacob Saylors,RB,0,0,0,0,24,0.71,DET,16,8,0,0.008,0.000,t,f,2026-09-17 03:26:47.554+00
2026,1,2026_01_NO_DET,DET,NO,VakiSi00,Sione Vaki,RB,22,0.29,0,0,24,0.71,DET,11,1,0,0.001,0.000,t,f,2026-09-17 03:26:47.554+00
2026,1,2026_01_NO_DET,DET,NO,HarpTh00,Thomas Harper,S,0,0,54,0.6,17,0.5,DET,12,0,483,0.000,0.593,t,f,2026-09-17 03:26:47.554+00
2026,1,2026_01_NO_DET,DET,NO,ClarCh00,Chuck Clark,S,0,0,41,0.46,5,0.15,PIT,16,0,470,0.000,0.434,f,t,2026-09-17 03:26:47.554+00
2026,1,2026_01_NO_DET,DET,NO,MillBl01,Blake Miller,T,77,1,0,0,5,0.15,,0,0,0,,,f,f,2026-09-17 03:26:47.554+00
2026,1,2026_01_NO_DET,DET,NO,SewePe00,Penei Sewell,T,77,1,0,0,5,0.15,DET,16,997,0,0.973,0.000,t,f,2026-09-17 03:26:47.554+00
2026,1,2026_01_NO_DET,DET,NO,LaPoSa01,Sam LaPorta,TE,62,0.81,0,0,0,0,DET,9,517,0,0.907,0.000,t,f,2026-09-17 03:26:47.554+00
2026,1,2026_01_NO_DET,DET,NO,WrigBr01,Brock Wright,TE,39,0.51,0,0,11,0.32,DET,11,401,0,0.576,0.000,t,f,2026-09-17 03:26:47.554+00
2026,1,2026_01_NO_DET,DET,NO,MeekJa00,Jackson Meeks,TE,0,0,0,0,18,0.53,DET,2,5,0,0.045,0.000,t,f,2026-09-17 03:26:47.554+00
2026,1,2026_01_NO_DET,DET,NO,ConkTy00,Tyler Conklin,TE,10,0.13,0,0,0,0,LAC,13,169,0,0.192,0.000,f,t,2026-09-17 03:26:47.554+00
2026,1,2026_01_NO_DET,DET,NO,StxxAm00,Amon-Ra St. Brown,WR,69,0.9,0,0,0,0,DET,17,939,0,0.852,0.000,t,f,2026-09-17 03:26:47.554+00
2026,1,2026_01_NO_DET,DET,NO,WillJa11,Jameson Williams,WR,65,0.84,0,0,0,0,DET,17,992,0,0.902,0.000,t,f,2026-09-17 03:26:47.554+00
2026,1,2026_01_NO_DET,DET,NO,TeSlIs00,Isaac TeSlaa,WR,52,0.68,0,0,0,0,DET,17,436,0,0.396,0.000,t,f,2026-09-17 03:26:47.554+00
2026,1,2026_01_NO_DET,DET,NO,MartTa00,Tay Martin,WR,0,0,0,0,24,0.71,WAS,3,30,0,0.170,0.000,f,t,2026-09-17 03:26:47.554+00
2026,1,2026_01_NO_DET,DET,NO,KennTo01,Tom Kennedy,WR,0,0,0,0,11,0.32,DET,6,48,0,0.125,0.000,t,f,2026-09-17 03:26:47.554+00
2026,1,2026_01_NO_DET,NO,DET,RuizCe00,Cesar Ruiz,C,90,1,0,0,5,0.15,NO,14,856,0,0.922,0.000,t,f,2026-09-17 03:26:47.554+00
2026,1,2026_01_NO_DET,NO,DET,McCoEr01,Erik McCoy,C,90,1,0,0,0,0,NO,7,449,0,0.964,0.000,t,f,2026-09-17 03:26:47.554+00
2026,1,2026_01_NO_DET,NO,DET,McKiKo00,Kool-Aid McKinstry,CB,0,0,77,1,0,0,NO,17,0,1075,0.000,0.975,t,f,2026-09-17 03:26:47.554+00
2026,1,2026_01_NO_DET,NO,DET,RileQu00,Quincy Riley,CB,0,0,66,0.86,0,0,NO,17,0,594,0.000,0.539,t,f,2026-09-17 03:26:47.554+00
2026,1,2026_01_NO_DET,NO,DET,PricJa01,Jayden Price,CB,0,0,0,0,24,0.71,,0,0,0,,,f,f,2026-09-17 03:26:47.554+00
2026,1,2026_01_NO_DET,NO,DET,RichDe01,Decamerion Richardson,CB,0,0,0,0,12,0.35,LV,15,0,13,0.000,0.013,f,t,2026-09-17 03:26:47.554+00
2026,1,2026_01_NO_DET,NO,DET,EmerMa00,Martin Emerson,CB,0,0,11,0.14,0,0,,0,0,0,,,f,f,2026-09-17 03:26:47.554+00
2026,1,2026_01_NO_DET,NO,DET,HowdJo00,Jordan Howden,DB,0,0,0,0,25,0.74,NO,16,0,261,0.000,0.249,t,f,2026-09-17 03:26:47.554+00
2026,1,2026_01_NO_DET,NO,DET,GranCa01,Carl Granderson,DE,0,0,59,0.77,9,0.26,NO,17,0,765,0.000,0.692,t,f,2026-09-17 03:26:47.554+00
2026,1,2026_01_NO_DET,NO,DET,YounCh04,Chase Young,DE,0,0,59,0.77,0,0,NO,12,0,544,0.000,0.703,t,f,2026-09-17 03:26:47.554+00
2026,1,2026_01_NO_DET,NO,DET,JennAn00,Anfernee Jennings,DE,0,0,18,0.23,24,0.71,NE,18,0,411,0.000,0.367,f,t,2026-09-17 03:26:47.554+00
2026,1,2026_01_NO_DET,NO,DET,WilsTy01,Tyree Wilson,DE,0,0,23,0.3,18,0.53,LV,17,0,463,0.000,0.408,f,t,2026-09-17 03:26:47.554+00
2026,1,2026_01_NO_DET,NO,DET,ShepNa00,Nathan Shepherd,DL,0,0,55,0.71,5,0.15,NO,16,0,696,0.000,0.671,t,f,2026-09-17 03:26:47.554+00
2026,1,2026_01_NO_DET,NO,DET,BrouVe00,Vernon Broughton,DL,0,0,52,0.68,5,0.15,NO,1,0,24,0.000,0.340,t,f,2026-09-17 03:26:47.554+00
2026,1,2026_01_NO_DET,NO,DET,GodcDa00,Davon Godchaux,DL,0,0,36,0.47,0,0,NO,17,0,456,0.000,0.416,t,f,2026-09-17 03:26:47.554+00
2026,1,2026_01_NO_DET,NO,DET,MillCh01,Christen Miller,DL,0,0,25,0.32,0,0,,0,0,0,,,f,f,2026-09-17 03:26:47.554+00
2026,1,2026_01_NO_DET,NO,DET,WoodCo01,Colby Wooden,DL,0,0,18,0.23,5,0.15,GB,18,0,622,0.000,0.515,f,t,2026-09-17 03:26:47.554+00
2026,1,2026_01_NO_DET,NO,DET,EdwaDa01,David Edwards,G,90,1,0,0,5,0.15,BUF,19,1176,0,0.930,0.000,f,t,2026-09-17 03:26:47.554+00
2026,1,2026_01_NO_DET,NO,DET,WrigJe00,Jeremiah Wright,G,0,0,0,0,5,0.15,,0,0,0,,,f,f,2026-09-17 03:26:47.554+00
2026,1,2026_01_NO_DET,NO,DET,SherWi01,William Sherman,G,0,0,0,0,5,0.15,NO,7,181,0,0.394,0.000,t,f,2026-09-17 03:26:47.554+00
2026,1,2026_01_NO_DET,NO,DET,CarlDa00,Daniel Carlson,K,0,0,0,0,11,0.32,LV,17,0,0,0.000,0.000,f,t,2026-09-17 03:26:47.554+00
2026,1,2026_01_NO_DET,NO,DET,ElliKa00,Kaden Elliss,LB,0,0,77,1,4,0.12,ATL,17,0,1103,0.000,0.999,f,t,2026-09-17 03:26:47.554+00
2026,1,2026_01_NO_DET,NO,DET,WernPe00,Pete Werner,LB,0,0,40,0.52,9,0.26,NO,17,0,684,0.000,0.621,t,f,2026-09-17 03:26:47.554+00
2026,1,2026_01_NO_DET,NO,DET,RumpCh00,Chris Rumph,LB,0,0,0,0,29,0.85,NO,17,0,330,0.000,0.299,t,f,2026-09-17 03:26:47.554+00
2026,1,2026_01_NO_DET,NO,DET,StutDa00,Danny Stutsman,LB,0,0,26,0.34,29,0.85,NO,17,0,204,0.000,0.181,t,f,2026-09-17 03:26:47.554+00
2026,1,2026_01_NO_DET,NO,DET,StalIs00,Isaiah Stalbird,LB,0,0,0,0,28,0.82,NO,17,0,64,0.000,0.064,t,f,2026-09-17 03:26:47.554+00
2026,1,2026_01_NO_DET,NO,DET,WoodZa00,Zach Wood,LS,0,0,0,0,10,0.29,NO,17,0,0,0.000,0.000,t,f,2026-09-17 03:26:47.554+00
2026,1,2026_01_NO_DET,NO,DET,RichAs00,Asim Richards,OL,0,0,0,0,5,0.15,NO,15,363,0,0.347,0.000,t,f,2026-09-17 03:26:47.554+00
2026,1,2026_01_NO_DET,NO,DET,WrigRy00,Ryan Wright,P,0,0,0,0,10,0.29,MIN,17,0,0,0.000,0.000,f,t,2026-09-17 03:26:47.554+00
2026,1,2026_01_NO_DET,NO,DET,ShouTy00,Tyler Shough,QB,90,1,0,0,0,0,NO,11,605,0,0.835,0.000,t,f,2026-09-17 03:26:47.554+00
2026,1,2026_01_NO_DET,NO,DET,EtieTr00,Travis Etienne,RB,53,0.59,0,0,0,0,JAX,18,721,0,0.598,0.000,f,t,2026-09-17 03:26:47.554+00
2026,1,2026_01_NO_DET,NO,DET,MillKe01,Kendre Miller,RB,26,0.29,0,0,1,0.03,NO,7,113,0,0.243,0.000,t,f,2026-09-17 03:26:47.554+00
2026,1,2026_01_NO_DET,NO,DET,DonaCJ00,CJ Donaldson,RB,15,0.17,0,0,20,0.59,,0,0,0,,,f,f,2026-09-17 03:26:47.554+00
2026,1,2026_01_NO_DET,NO,DET,BlacJu01,Julian Blackmon,S,0,0,77,1,0,0,NO,1,0,66,0.000,1.000,t,f,2026-09-17 03:26:47.554+00
2026,1,2026_01_NO_DET,NO,DET,ReidJu00,Justin Reid,S,0,0,77,1,5,0.15,NO,15,0,833,0.000,0.861,t,f,2026-09-17 03:26:47.554+00
2026,1,2026_01_NO_DET,NO,DET,SankJo00,Jonas Sanker,S,0,0,51,0.66,6,0.18,NO,17,0,978,0.000,0.891,t,f,2026-09-17 03:26:47.554+00
2026,1,2026_01_NO_DET,NO,DET,ReidMi01,Michael Reid,S,0,0,0,0,19,0.56,,0,0,0,,,f,f,2026-09-17 03:26:47.554+00
2026,1,2026_01_NO_DET,NO,DET,BankKe01,Kelvin Banks,T,90,1,0,0,5,0.15,NO,17,1066,0,0.949,0.000,t,f,2026-09-17 03:26:47.554+00
2026,1,2026_01_NO_DET,NO,DET,FuagTa00,Taliese Fuaga,T,90,1,0,0,5,0.15,NO,13,814,0,0.966,0.000,t,f,2026-09-17 03:26:47.554+00
2026,1,2026_01_NO_DET,NO,DET,JohnJu02,Juwan Johnson,TE,76,0.84,0,0,4,0.12,NO,17,850,0,0.750,0.000,t,f,2026-09-17 03:26:47.554+00
2026,1,2026_01_NO_DET,NO,DET,FantNo00,Noah Fant,TE,37,0.41,0,0,7,0.21,CIN,15,379,0,0.379,0.000,f,t,2026-09-17 03:26:47.554+00
2026,1,2026_01_NO_DET,NO,DET,WelcTr00,Treyton Welch,TE,10,0.11,0,0,6,0.18,NO,3,16,0,0.080,0.000,t,f,2026-09-17 03:26:47.554+00
2026,1,2026_01_NO_DET,NO,DET,VeleDe00,Devaughn Vele,WR,82,0.91,0,0,0,0,NO,13,437,0,0.502,0.000,t,f,2026-09-17 03:26:47.554+00
2026,1,2026_01_NO_DET,NO,DET,OlavCh00,Chris Olave,WR,77,0.86,0,0,0,0,NO,16,887,0,0.843,0.000,t,f,2026-09-17 03:26:47.554+00
2026,1,2026_01_NO_DET,NO,DET,LancBr00,Bryce Lance,WR,62,0.69,0,0,0,0,,0,0,0,,,f,f,2026-09-17 03:26:47.554+00
2026,1,2026_01_NO_DET,NO,DET,BrowBa02,Barion Brown,WR,7,0.08,0,0,13,0.38,,0,0,0,,,f,f,2026-09-17 03:26:47.554+00
2026,1,2026_01_NO_DET,NO,DET,AustKe00,Kevin Austin,WR,5,0.06,0,0,1,0.03,NO,8,242,0,0.443,0.000,t,f,2026-09-17 03:26:47.554+00
2026,1,2026_01_NYJ_TEN,NYJ,TEN,TippJo00,Joe Tippmann,C,67,1,0,0,6,0.22,NYJ,17,1047,0,0.999,0.000,t,f,2026-09-17 03:26:47.554+00
2026,1,2026_01_NYJ_TEN,NYJ,TEN,MyerJo00,Josh Myers,C,67,1,0,0,0,0,NYJ,17,1048,0,1.000,0.000,t,f,2026-09-17 03:26:47.554+00
2026,1,2026_01_NYJ_TEN,NYJ,TEN,ThomAz00,Azareye'h Thomas,CB,0,0,50,1,0,0,NYJ,12,0,311,0.000,0.396,t,f,2026-09-17 03:26:47.554+00
2026,1,2026_01_NYJ_TEN,NYJ,TEN,StepBr01,Brandon Stephens,CB,0,0,50,1,0,0,NYJ,16,0,1048,0.000,0.994,t,f,2026-09-17 03:26:47.554+00
2026,1,2026_01_NYJ_TEN,NYJ,TEN,StigQw00,Qwan'tez Stiggers,CB,0,0,0,0,20,0.74,NYJ,15,0,247,0.000,0.241,t,f,2026-09-17 03:26:47.554+00
2026,1,2026_01_NYJ_TEN,NYJ,TEN,BrowJa09,Jarvis Brownlee,DB,0,0,38,0.76,0,0,NYJ|TEN,9,0,408,0.000,0.680,t,f,2026-09-17 03:26:47.554+00
2026,1,2026_01_NYJ_TEN,NYJ,TEN,MoorMa04,Malachi Moore,DB,0,0,7,0.14,21,0.78,NYJ,17,0,950,0.000,0.824,t,f,2026-09-17 03:26:47.554+00
2026,1,2026_01_NYJ_TEN,NYJ,TEN,WrigNa00,Nahshon Wright,DB,0,0,0,0,12,0.44,CHI,19,0,1177,0.000,0.963,f,t,2026-09-17 03:26:47.554+00
2026,1,2026_01_NYJ_TEN,NYJ,TEN,BailDa02,David Bailey,DE,0,0,35,0.7,0,0,,0,0,0,,,f,f,2026-09-17 03:26:47.554+00
2026,1,2026_01_NYJ_TEN,NYJ,TEN,EnagKi00,Kingsley Enagbare,DE,0,0,33,0.66,7,0.26,GB,18,0,521,0.000,0.429,f,t,2026-09-17 03:26:47.554+00
2026,1,2026_01_NYJ_TEN,NYJ,TEN,McDoWi00,Will McDonald,DE,0,0,25,0.5,8,0.3,NYJ,15,0,649,0.000,0.653,t,f,2026-09-17 03:26:47.554+00
2026,1,2026_01_NYJ_TEN,NYJ,TEN,McGrBr00,Braiden McGregor,DE,0,0,17,0.34,14,0.52,NYJ,12,0,265,0.000,0.325,t,f,2026-09-17 03:26:47.554+00
2026,1,2026_01_NYJ_TEN,NYJ,TEN,OnyeDa00,David Onyemata,DL,0,0,35,0.7,9,0.33,ATL,17,0,634,0.000,0.571,f,t,2026-09-17 03:26:47.554+00
2026,1,2026_01_NYJ_TEN,NYJ,TEN,PhilHa00,Harrison Phillips,DL,0,0,27,0.54,0,0,NYJ,17,0,693,0.000,0.612,t,f,2026-09-17 03:26:47.554+00
2026,1,2026_01_NYJ_TEN,NYJ,TEN,SweaTV01,T'Vondre Sweat,DL,0,0,15,0.3,2,0.07,TEN,12,0,381,0.000,0.512,f,t,2026-09-17 03:26:47.554+00
2026,1,2026_01_NYJ_TEN,NYJ,TEN,BrigJo00,Jowon Briggs,DL,0,0,10,0.2,8,0.3,NYJ,17,0,588,0.000,0.513,t,f,2026-09-17 03:26:47.554+00
2026,1,2026_01_NYJ_TEN,NYJ,TEN,JackDa06,Darrell Jackson Jr.,DL,0,0,8,0.16,3,0.11,,0,0,0,,,f,f,2026-09-17 03:26:47.554+00
2026,1,2026_01_NYJ_TEN,NYJ,TEN,BeckAn01,Andrew Beck,FB,9,0.13,0,0,18,0.67,NYJ,17,110,0,0.106,0.000,t,f,2026-09-17 03:26:47.554+00
2026,1,2026_01_NYJ_TEN,NYJ,TEN,SandJa00,Jason Sanders,K,0,0,0,0,12,0.44,,0,0,0,,,f,f,2026-09-17 03:26:47.554+00
2026,1,2026_01_NYJ_TEN,NYJ,TEN,DaviDe00,Demario Davis,LB,0,0,50,1,0,0,NO,17,0,1081,0.000,0.983,f,t,2026-09-17 03:26:47.554+00
2026,1,2026_01_NYJ_TEN,NYJ,TEN,SherJa00,Jamien Sherwood,LB,0,0,45,0.9,2,0.07,NYJ,17,0,1111,0.000,0.982,t,f,2026-09-17 03:26:47.554+00
2026,1,2026_01_NYJ_TEN,NYJ,TEN,McCrMa01,Marcelino McCrary-Ball,LB,0,0,5,0.1,20,0.74,NYJ,5,0,106,0.000,0.304,t,f,2026-09-17 03:26:47.554+00
2026,1,2026_01_NYJ_TEN,NYJ,TEN,MauiFr00,Francisco Mauigoa,LB,0,0,0,0,18,0.67,NYJ,12,0,329,0.000,0.433,t,f,2026-09-17 03:26:47.554+00
2026,1,2026_01_NYJ_TEN,NYJ,TEN,HennTh00,Thomas Hennessy,LS,0,0,0,0,9,0.33,NYJ,17,0,0,0.000,0.000,t,f,2026-09-17 03:26:47.554+00
2026,1,2026_01_NYJ_TEN,NYJ,TEN,ParhDy00,Dylan Parham,OL,67,1,0,0,6,0.22,LV,15,842,0,0.966,0.000,f,t,2026-09-17 03:26:47.554+00
2026,1,2026_01_NYJ_TEN,NYJ,TEN,FashOl00,Olu Fashanu,OL,67,1,0,0,6,0.22,NYJ,17,1040,0,0.994,0.000,t,f,2026-09-17 03:26:47.554+00
2026,1,2026_01_NYJ_TEN,NYJ,TEN,OkorCh00,Chukwuma Okorafor,OL,0,0,0,0,6,0.22,NYJ,14,0,0,0.000,0.000,t,f,2026-09-17 03:26:47.554+00
2026,1,2026_01_NYJ_TEN,NYJ,TEN,MitcMa02,Max Mitchell,OL,0,0,0,0,6,0.22,NYJ,15,73,0,0.079,0.000,t,f,2026-09-17 03:26:47.554+00
2026,1,2026_01_NYJ_TEN,NYJ,TEN,McNaAu00,Austin McNamara,P,0,0,0,0,9,0.33,NYJ,17,0,0,0.000,0.000,t,f,2026-09-17 03:26:47.554+00
2026,1,2026_01_NYJ_TEN,NYJ,TEN,SmitGe00,Geno Smith,QB,67,1,0,0,0,0,LV,15,863,0,0.965,0.000,f,t,2026-09-17 03:26:47.554+00
2026,1,2026_01_NYJ_TEN,NYJ,TEN,HallBr03,Breece Hall,RB,39,0.58,0,0,1,0.04,NYJ,16,640,0,0.644,0.000,t,f,2026-09-17 03:26:47.554+00
2026,1,2026_01_NYJ_TEN,NYJ,TEN,AlleBr05,Braelon Allen,RB,27,0.4,0,0,0,0,NYJ,4,58,0,0.233,0.000,t,f,2026-09-17 03:26:47.554+00
2026,1,2026_01_NYJ_TEN,NYJ,TEN,DaviIs00,Isaiah Davis,RB,0,0,0,0,18,0.67,NYJ,16,285,0,0.280,0.000,t,f,2026-09-17 03:26:47.554+00
2026,1,2026_01_NYJ_TEN,NYJ,TEN,BeltDa00,Dane Belton,S,0,0,50,1,9,0.33,NYG,17,0,705,0.000,0.646,f,t,2026-09-17 03:26:47.554+00
2026,1,2026_01_NYJ_TEN,NYJ,TEN,CiscAn00,Andre Cisco,S,0,0,44,0.88,13,0.48,NYJ,8,0,499,0.000,0.974,t,f,2026-09-17 03:26:47.554+00
2026,1,2026_01_NYJ_TEN,NYJ,TEN,FitzMi00,Minkah Fitzpatrick,S,0,0,6,0.12,0,0,MIA,14,0,845,0.000,0.952,f,t,2026-09-17 03:26:47.554+00
2026,1,2026_01_NYJ_TEN,NYJ,TEN,MembAr00,Armand Membou,T,67,1,0,0,6,0.22,NYJ,17,1047,0,0.999,0.000,t,f,2026-09-17 03:26:47.554+00
2026,1,2026_01_NYJ_TEN,NYJ,TEN,TaylMa02,Mason Taylor,TE,44,0.66,0,0,3,0.11,NYJ,13,654,0,0.811,0.000,t,f,2026-09-17 03:26:47.554+00
2026,1,2026_01_NYJ_TEN,NYJ,TEN,RuckJe00,Jeremy Ruckert,TE,29,0.43,0,0,6,0.22,NYJ,17,494,0,0.472,0.000,t,f,2026-09-17 03:26:47.554+00
2026,1,2026_01_NYJ_TEN,NYJ,TEN,SadiKe00,Kenyon Sadiq,TE,28,0.42,0,0,0,0,,0,0,0,,,f,f,2026-09-17 03:26:47.554+00
2026,1,2026_01_NYJ_TEN,NYJ,TEN,WoodJe01,Jelani Woods,TE,16,0.24,0,0,1,0.04,NYJ,4,60,0,0.228,0.000,t,f,2026-09-17 03:26:47.554+00
2026,1,2026_01_NYJ_TEN,NYJ,TEN,WilsGa00,Garrett Wilson,WR,50,0.75,0,0,1,0.04,NYJ,7,383,0,0.870,0.000,t,f,2026-09-17 03:26:47.554+00
2026,1,2026_01_NYJ_TEN,NYJ,TEN,MitcAd00,Adonai Mitchell,WR,46,0.69,0,0,1,0.04,IND|NYJ,16,498,0,0.506,0.000,t,f,2026-09-17 03:26:47.554+00
2026,1,2026_01_NYJ_TEN,NYJ,TEN,WillIs03,Isaiah Williams,WR,40,0.6,0,0,10,0.37,NYJ,15,329,0,0.361,0.000,t,f,2026-09-17 03:26:47.554+00
2026,1,2026_01_NYJ_TEN,NYJ,TEN,SmitAr01,Arian Smith,WR,2,0.03,0,0,6,0.22,NYJ,16,376,0,0.383,0.000,t,f,2026-09-17 03:26:47.554+00
2026,1,2026_01_NYJ_TEN,NYJ,TEN,CoopOm00,Omar Cooper,WR,5,0.07,0,0,0,0,,0,0,0,,,f,f,2026-09-17 03:26:47.554+00
2026,1,2026_01_NYJ_TEN,TEN,NYJ,SchlAu00,Austin Schlottmann,C,50,1,0,0,0,0,NYG,17,362,0,0.305,0.000,f,t,2026-09-17 03:26:47.554+00
2026,1,2026_01_NYJ_TEN,TEN,NYJ,CoogPa01,Pat Coogan,C,0,0,0,0,2,0.07,,0,0,0,,,f,f,2026-09-17 03:26:47.554+00
2026,1,2026_01_NYJ_TEN,TEN,NYJ,TaylAl01,Alontae Taylor,CB,0,0,67,1,0,0,NO,17,0,1058,0.000,0.962,f,t,2026-09-17 03:26:47.554+00
2026,1,2026_01_NYJ_TEN,TEN,NYJ,FlotCo00,Cordale Flott,CB,0,0,66,0.99,0,0,NYG,14,0,797,0.000,0.852,f,t,2026-09-17 03:26:47.554+00
2026,1,2026_01_NYJ_TEN,TEN,NYJ,HarrMa10,Marcus Harris,CB,0,0,36,0.54,2,0.07,TEN,14,0,342,0.000,0.382,t,f,2026-09-17 03:26:47.554+00
2026,1,2026_01_NYJ_TEN,TEN,NYJ,RobiMi01,Micah Robinson,CB,0,0,0,0,25,0.93,TEN,9,0,66,0.000,0.120,t,f,2026-09-17 03:26:47.554+00
2026,1,2026_01_NYJ_TEN,TEN,NYJ,JohnJe07,Jermaine Johnson II,DE,0,0,41,0.61,6,0.22,NYJ,14,0,679,0.000,0.726,f,t,2026-09-17 03:26:47.554+00
2026,1,2026_01_NYJ_TEN,TEN,NYJ,MartJa02,Jacob Martin,DE,0,0,30,0.45,5,0.19,WAS,17,0,700,0.000,0.615,f,t,2026-09-17 03:26:47.554+00
2026,1,2026_01_NYJ_TEN,TEN,NYJ,JoneTr01,Truman Jones,DE,0,0,3,0.04,25,0.93,NE|TEN,10,0,104,0.000,0.174,t,f,2026-09-17 03:26:47.554+00
2026,1,2026_01_NYJ_TEN,TEN,NYJ,OladOl00,Oluwafemi Oladejo,DE,0,0,21,0.31,1,0.04,TEN,5,0,188,0.000,0.592,t,f,2026-09-17 03:26:47.554+00
2026,1,2026_01_NYJ_TEN,TEN,NYJ,FaulKe01,Keldric Faulk,DE,0,0,19,0.28,0,0,,0,0,0,,,f,f,2026-09-17 03:26:47.554+00
2026,1,2026_01_NYJ_TEN,TEN,NYJ,FranJo02,John Franklin-Myers,DL,0,0,40,0.6,0,0,DEN,18,0,570,0.000,0.474,f,t,2026-09-17 03:26:47.554+00
2026,1,2026_01_NYJ_TEN,TEN,NYJ,ElliJo02,Jordan Elliott,DL,0,0,21,0.31,6,0.22,SF,18,0,517,0.000,0.448,f,t,2026-09-17 03:26:47.554+00
2026,1,2026_01_NYJ_TEN,TEN,NYJ,SimmJe01,Jeffery Simmons,DT,0,0,50,0.75,6,0.22,TEN,15,2,764,0.002,0.813,t,f,2026-09-17 03:26:47.554+00
2026,1,2026_01_NYJ_TEN,TEN,NYJ,StacNa00,Nazir Stackhouse,DT,0,0,26,0.39,0,0,GB,14,0,173,0.000,0.184,f,t,2026-09-17 03:26:47.554+00
2026,1,2026_01_NYJ_TEN,TEN,NYJ,ThomSo00,Solomon Thomas,DT,0,0,20,0.3,0,0,DAL,16,0,419,0.000,0.395,f,t,2026-09-17 03:26:47.554+00
2026,1,2026_01_NYJ_TEN,TEN,NYJ,CarmFe00,Fernando Carmona,G,50,1,0,0,0,0,,0,0,0,,,f,f,2026-09-17 03:26:47.554+00
2026,1,2026_01_NYJ_TEN,TEN,NYJ,SkorPe00,Peter Skoronski,G,50,1,0,0,2,0.07,TEN,17,1056,0,1.000,0.000,t,f,2026-09-17 03:26:47.554+00
2026,1,2026_01_NYJ_TEN,TEN,NYJ,SlatJa01,Jackson Slater,G,0,0,0,0,2,0.07,TEN,12,34,0,0.053,0.000,t,f,2026-09-17 03:26:47.554+00
2026,1,2026_01_NYJ_TEN,TEN,NYJ,SlyeJo00,Joey Slye,K,0,0,0,0,5,0.19,TEN,16,0,0,0.000,0.000,t,f,2026-09-17 03:26:47.554+00
2026,1,2026_01_NYJ_TEN,TEN,NYJ,HillAn01,Anthony Hill,LB,0,0,67,1,0,0,,0,0,0,,,f,f,2026-09-17 03:26:47.554+00
2026,1,2026_01_NYJ_TEN,TEN,NYJ,BartCo00,Cody Barton,LB,0,0,65,0.97,0,0,TEN,17,0,1061,0.000,1.000,t,f,2026-09-17 03:26:47.554+00
2026,1,2026_01_NYJ_TEN,TEN,NYJ,WillJa15,James Williams,LB,0,0,28,0.42,25,0.93,TEN,16,0,79,0.000,0.094,t,f,2026-09-17 03:26:47.554+00
2026,1,2026_01_NYJ_TEN,TEN,NYJ,DiabMo00,Mohamoud Diabate,LB,0,0,0,0,25,0.93,CLE,17,0,297,0.000,0.281,f,t,2026-09-17 03:26:47.554+00
2026,1,2026_01_NYJ_TEN,TEN,NYJ,CoxxMo00,Morgan Cox,LS,0,0,0,0,9,0.33,TEN,17,0,0,0.000,0.000,t,f,2026-09-17 03:26:47.554+00
2026,1,2026_01_NYJ_TEN,TEN,NYJ,TownTo01,Tommy Townsend,P,0,0,0,0,9,0.33,HOU,19,0,0,0.000,0.000,f,t,2026-09-17 03:26:47.554+00
2026,1,2026_01_NYJ_TEN,TEN,NYJ,WardCa00,Cam Ward,QB,50,1,0,0,0,0,TEN,17,1007,0,0.946,0.000,t,f,2026-09-17 03:26:47.554+00
2026,1,2026_01_NYJ_TEN,TEN,NYJ,PollTo00,Tony Pollard,RB,26,0.52,0,0,0,0,TEN,17,657,0,0.625,0.000,t,f,2026-09-17 03:26:47.554+00
2026,1,2026_01_NYJ_TEN,TEN,NYJ,SpeaTy00,Tyjae Spears,RB,25,0.5,0,0,0,0,TEN,13,374,0,0.459,0.000,t,f,2026-09-17 03:26:47.554+00
2026,1,2026_01_NYJ_TEN,TEN,NYJ,ChesJu00,Julius Chestnut,RB,0,0,0,0,19,0.7,TEN,17,40,0,0.039,0.000,t,f,2026-09-17 03:26:47.554+00
2026,1,2026_01_NYJ_TEN,TEN,NYJ,WinsKe02,Kevin Winston,S,0,0,67,1,3,0.11,TEN,10,0,313,0.000,0.503,t,f,2026-09-17 03:26:47.554+00
2026,1,2026_01_NYJ_TEN,TEN,NYJ,HookAm00,Amani Hooker,S,0,0,65,0.97,0,0,TEN,16,0,919,0.000,0.919,t,f,2026-09-17 03:26:47.554+00
2026,1,2026_01_NYJ_TEN,TEN,NYJ,BurgTe00,Terrell Burgess,S,0,0,0,0,25,0.93,NO,16,0,115,0.000,0.112,f,t,2026-09-17 03:26:47.554+00
2026,1,2026_01_NYJ_TEN,TEN,NYJ,HallEr00,Erick Hallett,S,0,0,0,0,23,0.85,DET|TEN,4,0,146,0.000,0.533,t,f,2026-09-17 03:26:47.554+00
2026,1,2026_01_NYJ_TEN,TEN,NYJ,AdamTo03,Tony Adams,S,0,0,4,0.06,9,0.33,NYJ,12,0,468,0.000,0.613,f,t,2026-09-17 03:26:47.554+00
2026,1,2026_01_NYJ_TEN,TEN,NYJ,MoorDa05,Dan Moore,T,50,1,0,0,2,0.07,TEN,16,949,0,0.954,0.000,t,f,2026-09-17 03:26:47.554+00
2026,1,2026_01_NYJ_TEN,TEN,NYJ,LathJC00,JC Latham,T,50,1,0,0,2,0.07,TEN,13,791,0,0.984,0.000,t,f,2026-09-17 03:26:47.554+00
2026,1,2026_01_NYJ_TEN,TEN,NYJ,HudsJa00,James Hudson,T,0,0,0,0,2,0.07,NYG,11,85,0,0.114,0.000,f,t,2026-09-17 03:26:47.554+00
2026,1,2026_01_NYJ_TEN,TEN,NYJ,HelmGu00,Gunnar Helm,TE,38,0.76,0,0,5,0.19,TEN,16,533,0,0.526,0.000,t,f,2026-09-17 03:26:47.554+00
2026,1,2026_01_NYJ_TEN,TEN,NYJ,MartDa01,David Martin-Robinson,TE,0,0,0,0,21,0.78,TEN,17,134,0,0.127,0.000,t,f,2026-09-17 03:26:47.554+00
2026,1,2026_01_NYJ_TEN,TEN,NYJ,GranKy00,Kylen Granson,TE,0,0,0,0,19,0.7,PHI,18,249,0,0.225,0.000,f,t,2026-09-17 03:26:47.554+00
2026,1,2026_01_NYJ_TEN,TEN,NYJ,BellDa00,Daniel Bellinger,TE,14,0.28,0,0,3,0.11,NYG,16,555,0,0.499,0.000,f,t,2026-09-17 03:26:47.554+00
2026,1,2026_01_NYJ_TEN,TEN,NYJ,TateCa00,Carnell Tate,WR,44,0.88,0,0,0,0,,0,0,0,,,f,f,2026-09-17 03:26:47.554+00
2026,1,2026_01_NYJ_TEN,TEN,NYJ,RobiWa01,Wan'Dale Robinson,WR,41,0.82,0,0,0,0,NYG,16,973,0,0.908,0.000,f,t,2026-09-17 03:26:47.554+00
2026,1,2026_01_NYJ_TEN,TEN,NYJ,RidlCa00,Calvin Ridley,WR,32,0.64,0,0,0,0,TEN,7,250,0,0.571,0.000,t,f,2026-09-17 03:26:47.554+00
2026,1,2026_01_NYJ_TEN,TEN,NYJ,AyomEl00,Elic Ayomanor,WR,26,0.52,0,0,0,0,TEN,16,787,0,0.806,0.000,t,f,2026-09-17 03:26:47.554+00
2026,1,2026_01_NYJ_TEN,TEN,NYJ,DikeCh00,Chimere Dike,WR,4,0.08,0,0,9,0.33,TEN,17,631,0,0.593,0.000,t,f,2026-09-17 03:26:47.554+00
2026,1,2026_01_SF_LA,LAR,SF,WatsJa02,Jaylen Watson,CB,0,0,65,1,1,0.05,KC,15,0,867,0.000,0.950,f,t,2026-09-17 03:26:47.554+00
2026,1,2026_01_SF_LA,LAR,SF,McDuTr00,Trent McDuffie,CB,0,0,65,1,6,0.3,KC,13,0,688,0.000,0.900,f,t,2026-09-17 03:26:47.554+00
2026,1,2026_01_SF_LA,LAR,SF,WallJo00,Josh Wallace,CB,0,0,7,0.11,8,0.4,LA,17,0,270,0.000,0.232,t,f,2026-09-17 03:26:47.554+00
2026,1,2026_01_SF_LA,LAR,SF,ForbEm00,Emmanuel Forbes,CB,0,0,0,0,2,0.1,LA,20,0,899,0.000,0.694,t,f,2026-09-17 03:26:47.554+00
2026,1,2026_01_SF_LA,LAR,SF,TurnKo00,Kobie Turner,DE,0,0,43,0.66,1,0.05,LA,20,0,896,0.000,0.672,t,f,2026-09-17 03:26:47.554+00
2026,1,2026_01_SF_LA,LAR,SF,DaviTy05,Tyler Davis,DE,0,0,32,0.49,3,0.15,LA,20,0,561,0.000,0.417,t,f,2026-09-17 03:26:47.554+00
2026,1,2026_01_SF_LA,LAR,SF,FiskBr00,Braden Fiske,DE,0,0,29,0.45,7,0.35,LA,20,0,673,0.000,0.499,t,f,2026-09-17 03:26:47.554+00
2026,1,2026_01_SF_LA,LAR,SF,MeviHa00,Harrison Mevis,K,0,0,0,0,3,0.15,LA,12,0,0,0.000,0.000,t,f,2026-09-17 03:26:47.554+00
2026,1,2026_01_SF_LA,LAR,SF,LandNa01,Nathan Landman,LB,0,0,64,0.98,7,0.35,LA,20,0,1224,0.000,0.914,t,f,2026-09-17 03:26:47.554+00
2026,1,2026_01_SF_LA,LAR,SF,YounBy01,Byron Young,LB,0,0,47,0.72,1,0.05,LA,20,0,981,0.000,0.734,t,f,2026-09-17 03:26:47.554+00
2026,1,2026_01_SF_LA,LAR,SF,GarrMy00,Myles Garrett,LB,0,0,40,0.62,6,0.3,CLE,17,0,868,0.000,0.825,f,t,2026-09-17 03:26:47.554+00
2026,1,2026_01_SF_LA,LAR,SF,SpeiOm00,Omar Speights,LB,0,0,30,0.46,9,0.45,LA,19,0,826,0.000,0.660,t,f,2026-09-17 03:26:47.554+00
2026,1,2026_01_SF_LA,LAR,SF,StewJo03,Josaiah Stewart,LB,0,0,28,0.43,2,0.1,LA,20,0,465,0.000,0.345,t,f,2026-09-17 03:26:47.554+00
2026,1,2026_01_SF_LA,LAR,SF,DolaSh00,Shaun Dolac,LB,0,0,19,0.29,17,0.85,LA,17,0,42,0.000,0.032,t,f,2026-09-17 03:26:47.554+00
2026,1,2026_01_SF_LA,LAR,SF,JohnDe08,Desjuan Johnson,LB,0,0,15,0.23,8,0.4,LA,9,0,153,0.000,0.268,t,f,2026-09-17 03:26:47.554+00
2026,1,2026_01_SF_LA,LAR,SF,StuaGr00,Grant Stuard,LB,0,0,0,0,14,0.7,DET,17,0,13,0.000,0.012,f,t,2026-09-17 03:26:47.554+00
2026,1,2026_01_SF_LA,LAR,SF,BailWe00,Wesley Bailey,LB,0,0,0,0,2,0.1,,0,0,0,,,f,f,2026-09-17 03:26:47.554+00
2026,1,2026_01_SF_LA,LAR,SF,CardJo00,Joe Cardona,LS,0,0,0,0,4,0.2,MIA,17,0,0,0.000,0.000,f,t,2026-09-17 03:26:47.554+00
2026,1,2026_01_SF_LA,LAR,SF,FordPo00,Poona Ford,NT,0,0,33,0.51,8,0.4,LA,20,0,626,0.000,0.468,t,f,2026-09-17 03:26:47.554+00
2026,1,2026_01_SF_LA,LAR,SF,HamiTy00,Ty Hamilton,NT,0,0,12,0.18,5,0.25,LA,17,0,176,0.000,0.155,t,f,2026-09-17 03:26:47.554+00
2026,1,2026_01_SF_LA,LAR,SF,JackAl01,Alaric Jackson,OL,61,1,0,0,1,0.05,LA,19,1266,0,0.986,0.000,t,f,2026-09-17 03:26:47.554+00
2026,1,2026_01_SF_LA,LAR,SF,ShelCo00,Coleman Shelton,OL,61,1,0,0,1,0.05,LA,20,1335,0,0.990,0.000,t,f,2026-09-17 03:26:47.554+00
2026,1,2026_01_SF_LA,LAR,SF,AvilSt00,Steve Avila,OL,61,1,0,0,1,0.05,LA,18,1051,0,0.862,0.000,t,f,2026-09-17 03:26:47.554+00
2026,1,2026_01_SF_LA,LAR,SF,McClWa00,Warren McClendon,OL,61,1,0,0,1,0.05,LA,20,882,0,0.646,0.000,t,f,2026-09-17 03:26:47.554+00
2026,1,2026_01_SF_LA,LAR,SF,DotsKe00,Kevin Dotson,OL,59,0.97,0,0,1,0.05,LA,17,1025,0,0.921,0.000,t,f,2026-09-17 03:26:47.554+00
2026,1,2026_01_SF_LA,LAR,SF,LimmBe00,Beaux Limmer,OL,2,0.03,0,0,0,0,LA,5,55,0,0.178,0.000,t,f,2026-09-17 03:26:47.554+00
2026,1,2026_01_SF_LA,LAR,SF,QuesDa00,David Quessenberry,OL,0,0,0,0,1,0.05,LA,16,18,0,0.016,0.000,t,f,2026-09-17 03:26:47.554+00
2026,1,2026_01_SF_LA,LAR,SF,EvanEt00,Ethan Evans,P,0,0,0,0,4,0.2,LA,20,0,0,0.000,0.000,t,f,2026-09-17 03:26:47.554+00
2026,1,2026_01_SF_LA,LAR,SF,StafMa00,Matthew Stafford,QB,51,0.84,0,0,0,0,LA,20,1332,0,0.988,0.000,t,f,2026-09-17 03:26:47.554+00
2026,1,2026_01_SF_LA,LAR,SF,BennSt00,Stetson Bennett,QB,10,0.16,0,0,0,0,,0,0,0,,,f,f,2026-09-17 03:26:47.554+00
2026,1,2026_01_SF_LA,LAR,SF,WillKy02,Kyren Williams,RB,39,0.64,0,0,0,0,LA,20,900,0,0.669,0.000,t,f,2026-09-17 03:26:47.554+00
2026,1,2026_01_SF_LA,LAR,SF,CoruBl00,Blake Corum,RB,14,0.23,0,0,0,0,LA,20,412,0,0.304,0.000,t,f,2026-09-17 03:26:47.554+00
2026,1,2026_01_SF_LA,LAR,SF,RiveRo01,Ronnie Rivers,RB,8,0.13,0,0,0,0,LA,14,26,0,0.027,0.000,t,f,2026-09-17 03:26:47.554+00
2026,1,2026_01_SF_LA,LAR,SF,LakeQu00,Quentin Lake,S,0,0,65,1,10,0.5,LA,13,0,849,0.000,0.952,t,f,2026-09-17 03:26:47.554+00
2026,1,2026_01_SF_LA,LAR,SF,KincKa00,Kamren Kinchens,S,0,0,52,0.8,6,0.3,LA,20,0,975,0.000,0.734,t,f,2026-09-17 03:26:47.554+00
2026,1,2026_01_SF_LA,LAR,SF,McCoJa02,Jaylen McCollough,S,0,0,39,0.6,15,0.75,LA,20,0,558,0.000,0.427,t,f,2026-09-17 03:26:47.554+00
2026,1,2026_01_SF_LA,LAR,SF,CurlKa00,Kamren Curl,S,0,0,30,0.46,1,0.05,LA,20,0,1324,0.000,0.992,t,f,2026-09-17 03:26:47.554+00
2026,1,2026_01_SF_LA,LAR,SF,InglTa00,Tanner Ingle,S,0,0,0,0,8,0.4,LA,4,0,3,0.000,0.010,t,f,2026-09-17 03:26:47.554+00
2026,1,2026_01_SF_LA,LAR,SF,ParkCo02,Colby Parkinson,TE,47,0.77,0,0,1,0.05,LA,18,778,0,0.626,0.000,t,f,2026-09-17 03:26:47.554+00
2026,1,2026_01_SF_LA,LAR,SF,FergTe00,Terrance Ferguson,TE,31,0.51,0,0,6,0.3,LA,16,415,0,0.376,0.000,t,f,2026-09-17 03:26:47.554+00
2026,1,2026_01_SF_LA,LAR,SF,AlleDa02,Davis Allen,TE,21,0.34,0,0,9,0.45,LA,20,665,0,0.486,0.000,t,f,2026-09-17 03:26:47.554+00
2026,1,2026_01_SF_LA,LAR,SF,HigbTy00,Tyler Higbee,TE,12,0.2,0,0,10,0.5,LA,13,425,0,0.489,0.000,t,f,2026-09-17 03:26:47.554+00
2026,1,2026_01_SF_LA,LAR,SF,NacuPu00,Puka Nacua,WR,43,0.7,0,0,0,0,LA,19,905,0,0.705,0.000,t,f,2026-09-17 03:26:47.554+00
2026,1,2026_01_SF_LA,LAR,SF,AdamDa01,Davante Adams,WR,33,0.54,0,0,0,0,LA,17,788,0,0.712,0.000,t,f,2026-09-17 03:26:47.554+00
2026,1,2026_01_SF_LA,LAR,SF,WhitJo04,Jordan Whittington,WR,25,0.41,0,0,13,0.65,LA,19,493,0,0.399,0.000,t,f,2026-09-17 03:26:47.554+00
2026,1,2026_01_SF_LA,LAR,SF,MumpKo00,Konata Mumpfield,WR,16,0.26,0,0,6,0.3,LA,20,436,0,0.315,0.000,t,f,2026-09-17 03:26:47.554+00
2026,1,2026_01_SF_LA,LAR,SF,SmitXa00,Xavier Smith,WR,16,0.26,0,0,11,0.55,LA,19,280,0,0.214,0.000,t,f,2026-09-17 03:26:47.554+00
2026,1,2026_01_SF_LA,SF,LAR,GreeRe00,Renardo Green,CB,0,0,61,1,1,0.05,SF,16,0,939,0.000,0.923,t,f,2026-09-17 03:26:47.554+00
2026,1,2026_01_SF_LA,SF,LAR,StouUp00,Upton Stout,CB,0,0,36,0.59,1,0.05,SF,18,0,663,0.000,0.581,t,f,2026-09-17 03:26:47.554+00
2026,1,2026_01_SF_LA,SF,LAR,JoneJa10,Jack Jones,CB,0,0,8,0.13,2,0.1,MIA,17,0,907,0.000,0.848,f,t,2026-09-17 03:26:47.554+00
2026,1,2026_01_SF_LA,SF,LAR,LenoDe00,Deommodore Lenoir,DB,0,0,61,1,2,0.1,SF,19,0,1192,0.000,0.986,t,f,2026-09-17 03:26:47.554+00
2026,1,2026_01_SF_LA,SF,LAR,NealSi00,Siran Neal,DB,0,0,0,0,13,0.65,SF,19,0,0,0.000,0.000,t,f,2026-09-17 03:26:47.554+00
2026,1,2026_01_SF_LA,SF,LAR,BosaNi00,Nick Bosa,DL,0,0,36,0.59,1,0.05,SF,3,0,119,0.000,0.640,t,f,2026-09-17 03:26:47.554+00
2026,1,2026_01_SF_LA,SF,LAR,OdigOs00,Osa Odighizuwa,DL,0,0,36,0.59,2,0.1,DAL,17,0,692,0.000,0.626,f,t,2026-09-17 03:26:47.554+00
2026,1,2026_01_SF_LA,SF,LAR,HaltGr00,Gracen Halton,DL,0,0,31,0.51,1,0.05,,0,0,0,,,f,f,2026-09-17 03:26:47.554+00
2026,1,2026_01_SF_LA,SF,LAR,WhitKe03,Keion White,DL,0,0,30,0.49,2,0.1,NE|SF,16,0,508,0.000,0.509,t,f,2026-09-17 03:26:47.554+00
2026,1,2026_01_SF_LA,SF,LAR,HeigRo00,Romello Height,DL,0,0,30,0.49,3,0.15,,0,0,0,,,f,f,2026-09-17 03:26:47.554+00
2026,1,2026_01_SF_LA,SF,LAR,WestCJ00,CJ West,DL,0,0,23,0.38,1,0.05,SF,16,0,334,0.000,0.328,t,f,2026-09-17 03:26:47.554+00
2026,1,2026_01_SF_LA,SF,LAR,ThomJa06,James Thompson,DL,0,0,21,0.34,0,0,,0,0,0,,,f,f,2026-09-17 03:26:47.554+00
2026,1,2026_01_SF_LA,SF,LAR,KareKh00,Khalid Kareem,DL,0,0,19,0.31,0,0,ATL,4,0,71,0.000,0.253,f,t,2026-09-17 03:26:47.554+00
2026,1,2026_01_SF_LA,SF,LAR,OkorOg00,Ogbonnia Okoronkwo,DL,0,0,18,0.3,1,0.05,PHI,1,0,4,0.000,0.060,f,t,2026-09-17 03:26:47.554+00
2026,1,2026_01_SF_LA,SF,LAR,JuszKy00,Kyle Juszczyk,FB,33,0.51,0,0,6,0.3,SF,19,569,0,0.459,0.000,t,f,2026-09-17 03:26:47.554+00
2026,1,2026_01_SF_LA,SF,LAR,PineEd00,Eddy Piñeiro,K,0,0,0,0,12,0.6,SF,16,0,0,0.000,0.000,t,f,2026-09-17 03:26:47.554+00
2026,1,2026_01_SF_LA,SF,LAR,WarnFr00,Fred Warner,LB,0,0,53,0.87,2,0.1,SF,6,0,330,0.000,0.848,t,f,2026-09-17 03:26:47.554+00
2026,1,2026_01_SF_LA,SF,LAR,GreeDr00,Dre Greenlaw,LB,0,0,40,0.66,1,0.05,DEN,10,0,386,0.000,0.555,f,t,2026-09-17 03:26:47.554+00
2026,1,2026_01_SF_LA,SF,LAR,DuggJa00,Jaden Dugger,LB,0,0,34,0.56,12,0.6,,0,0,0,,,f,f,2026-09-17 03:26:47.554+00
2026,1,2026_01_SF_LA,SF,LAR,WallGa00,Garret Wallow,LB,0,0,13,0.21,13,0.65,DEN|SF,13,0,150,0.000,0.175,t,f,2026-09-17 03:26:47.554+00
2026,1,2026_01_SF_LA,SF,LAR,GiffLu00,Luke Gifford,LB,0,0,0,0,13,0.65,SF,18,0,172,0.000,0.151,t,f,2026-09-17 03:26:47.554+00
2026,1,2026_01_SF_LA,SF,LAR,WeekJo00,Jon Weeks,LS,0,0,0,0,8,0.4,SF,19,0,0,0.000,0.000,t,f,2026-09-17 03:26:47.554+00
2026,1,2026_01_SF_LA,SF,LAR,McKiCo00,Colton McKivitz,OL,65,1,0,0,6,0.3,SF,19,1236,0,0.995,0.000,t,f,2026-09-17 03:26:47.554+00
2026,1,2026_01_SF_LA,SF,LAR,ColbCo00,Connor Colby,OL,65,1,0,0,6,0.3,SF,15,455,0,0.442,0.000,t,f,2026-09-17 03:26:47.554+00
2026,1,2026_01_SF_LA,SF,LAR,PuniDo00,Dominick Puni,OL,65,1,0,0,6,0.3,SF,19,1236,0,0.995,0.000,t,f,2026-09-17 03:26:47.554+00
2026,1,2026_01_SF_LA,SF,LAR,BrenJa01,Jake Brendel,OL,65,1,0,0,0,0,SF,17,1066,0,0.944,0.000,t,f,2026-09-17 03:26:47.554+00
2026,1,2026_01_SF_LA,SF,LAR,WillCa05,Carver Willis,OL,0,0,0,0,6,0.3,,0,0,0,,,f,f,2026-09-17 03:26:47.554+00
2026,1,2026_01_SF_LA,SF,LAR,PattJa03,Jarrett Patterson,OL,0,0,0,0,6,0.3,HOU,19,409,0,0.323,0.000,f,t,2026-09-17 03:26:47.554+00
2026,1,2026_01_SF_LA,SF,LAR,LoweVe00,Vederian Lowe,OL,0,0,0,0,6,0.3,NE,21,318,0,0.236,0.000,f,t,2026-09-17 03:26:47.554+00
2026,1,2026_01_SF_LA,SF,LAR,WaitCo00,Corliss Waitman,P,0,0,0,0,8,0.4,PIT,18,1,0,0.001,0.000,f,t,2026-09-17 03:26:47.554+00
2026,1,2026_01_SF_LA,SF,LAR,PurdBr00,Brock Purdy,QB,65,1,0,0,0,0,SF,11,686,0,0.968,0.000,t,f,2026-09-17 03:26:47.554+00
2026,1,2026_01_SF_LA,SF,LAR,McCaCh01,Christian McCaffrey,RB,36,0.55,0,0,0,0,SF,19,1015,0,0.817,0.000,t,f,2026-09-17 03:26:47.554+00
2026,1,2026_01_SF_LA,SF,LAR,BlacKa00,Kaelon Black,RB,28,0.43,0,0,0,0,,0,0,0,,,f,f,2026-09-17 03:26:47.554+00
2026,1,2026_01_SF_LA,SF,LAR,SiglMa00,Marques Sigle,S,0,0,61,1,8,0.4,SF,17,0,480,0.000,0.446,t,f,2026-09-17 03:26:47.554+00
2026,1,2026_01_SF_LA,SF,LAR,BrowJi01,Ji'Ayir Brown,S,0,0,55,0.9,7,0.35,SF,18,0,832,0.000,0.726,t,f,2026-09-17 03:26:47.554+00
2026,1,2026_01_SF_LA,SF,LAR,DaviAs00,Ashtyn Davis,S,0,0,0,0,13,0.65,MIA,15,0,714,0.000,0.747,f,t,2026-09-17 03:26:47.554+00
2026,1,2026_01_SF_LA,SF,LAR,MustMa00,Malik Mustapha,S,0,0,6,0.1,10,0.5,SF,14,0,824,0.000,0.926,t,f,2026-09-17 03:26:47.554+00
2026,1,2026_01_SF_LA,SF,LAR,WillTr21,Trent Williams,T,65,1,0,0,0,0,SF,18,1113,0,0.931,0.000,t,f,2026-09-17 03:26:47.554+00
2026,1,2026_01_SF_LA,SF,LAR,FarrLu00,Luke Farrell,TE,46,0.71,0,0,18,0.9,SF,19,457,0,0.357,0.000,t,f,2026-09-17 03:26:47.554+00
2026,1,2026_01_SF_LA,SF,LAR,KittGe00,George Kittle,TE,30,0.46,0,0,0,0,SF,12,567,0,0.763,0.000,t,f,2026-09-17 03:26:47.554+00
2026,1,2026_01_SF_LA,SF,LAR,TongJa00,Jake Tonges,TE,8,0.12,0,0,4,0.2,SF,19,471,0,0.361,0.000,t,f,2026-09-17 03:26:47.554+00
2026,1,2026_01_SF_LA,SF,LAR,EvanMi00,Mike Evans,WR,49,0.75,0,0,0,0,TB,8,357,0,0.656,0.000,f,t,2026-09-17 03:26:47.554+00
2026,1,2026_01_SF_LA,SF,LAR,RobiDe01,Demarcus Robinson,WR,41,0.63,0,0,0,0,SF,16,484,0,0.477,0.000,t,f,2026-09-17 03:26:47.554+00
2026,1,2026_01_SF_LA,SF,LAR,SamuDe00,Deebo Samuel,WR,27,0.42,0,0,2,0.1,WAS,16,713,0,0.723,0.000,f,t,2026-09-17 03:26:47.554+00
2026,1,2026_01_SF_LA,SF,LAR,StriDe01,De'Zhaun Stribling,WR,21,0.32,0,0,0,0,,0,0,0,,,f,f,2026-09-17 03:26:47.554+00
2026,1,2026_01_SF_LA,SF,LAR,HodgKh00,KhaDarel Hodge,WR,1,0.02,0,0,12,0.6,ATL,12,73,0,0.106,0.000,f,t,2026-09-17 03:26:47.554+00
2026,1,2026_01_SF_LA,SF,LAR,CowiJa00,Jacob Cowing,WR,5,0.08,0,0,5,0.25,,0,0,0,,,f,f,2026-09-17 03:26:47.554+00
2026,1,2026_01_TB_CIN,CIN,TB,KarrTe00,Ted Karras,C,64,1,0,0,7,0.26,CIN,17,1111,0,1.000,0.000,t,f,2026-09-17 03:26:47.554+00
2026,1,2026_01_TB_CIN,CIN,TB,BayeJa00,Jacob Bayer,C,1,0.02,0,0,0,0,,0,0,0,,,f,f,2026-09-17 03:26:47.554+00
2026,1,2026_01_TB_CIN,CIN,TB,HillDa04,Daxton Hill,CB,0,0,57,1,5,0.19,CIN,17,0,1012,0.000,0.929,t,f,2026-09-17 03:26:47.554+00
2026,1,2026_01_TB_CIN,CIN,TB,TurnDJ01,DJ Turner,CB,0,0,56,0.98,0,0,CIN,17,0,974,0.000,0.888,t,f,2026-09-17 03:26:47.554+00
2026,1,2026_01_TB_CIN,CIN,TB,DaviJa06,Jalen Davis,CB,0,0,45,0.79,0,0,CIN,7,0,270,0.000,0.663,t,f,2026-09-17 03:26:47.554+00
2026,1,2026_01_TB_CIN,CIN,TB,IveyDJ00,DJ Ivey,CB,0,0,6,0.11,20,0.74,CIN,17,0,115,0.000,0.116,t,f,2026-09-17 03:26:47.554+00
2026,1,2026_01_TB_CIN,CIN,TB,DaviTa01,Tacario Davis,CB,0,0,4,0.07,8,0.3,,0,0,0,,,f,f,2026-09-17 03:26:47.554+00
2026,1,2026_01_TB_CIN,CIN,TB,MafeBo00,Boye Mafe,DE,0,0,37,0.65,0,0,SEA,20,0,632,0.000,0.482,f,t,2026-09-17 03:26:47.554+00
2026,1,2026_01_TB_CIN,CIN,TB,MurpMy00,Myles Murphy,DE,0,0,34,0.6,5,0.19,CIN,17,0,682,0.000,0.638,t,f,2026-09-17 03:26:47.554+00
2026,1,2026_01_TB_CIN,CIN,TB,HoweCa00,Cashius Howell,DE,0,0,25,0.44,0,0,,0,0,0,,,f,f,2026-09-17 03:26:47.554+00
2026,1,2026_01_TB_CIN,CIN,TB,JohnCe01,Cedric Johnson,DE,0,0,19,0.33,14,0.52,CIN,9,0,207,0.000,0.381,t,f,2026-09-17 03:26:47.554+00
2026,1,2026_01_TB_CIN,CIN,TB,LawrDe03,Dexter Lawrence,DT,0,0,35,0.61,5,0.19,NYG,17,0,754,0.000,0.675,f,t,2026-09-17 03:26:47.554+00
2026,1,2026_01_TB_CIN,CIN,TB,AlleJo01,Jonathan Allen,DT,0,0,32,0.56,0,0,MIN,17,0,810,0.000,0.758,f,t,2026-09-17 03:26:47.554+00
2026,1,2026_01_TB_CIN,CIN,TB,HillB.00,B.J. Hill,DT,0,0,24,0.42,0,0,CIN,17,0,670,0.000,0.612,t,f,2026-09-17 03:26:47.554+00
2026,1,2026_01_TB_CIN,CIN,TB,SlatTe00,Tedarrell Slaton,DT,0,0,21,0.37,5,0.19,CIN,17,0,582,0.000,0.536,t,f,2026-09-17 03:26:47.554+00
2026,1,2026_01_TB_CIN,CIN,TB,JenkKr01,Kris Jenkins,DT,0,0,8,0.14,5,0.19,CIN,14,0,497,0.000,0.545,t,f,2026-09-17 03:26:47.554+00
2026,1,2026_01_TB_CIN,CIN,TB,RisnDa00,Dalton Risner,G,64,1,0,0,7,0.26,CIN,14,768,0,0.807,0.000,t,f,2026-09-17 03:26:47.554+00
2026,1,2026_01_TB_CIN,CIN,TB,FairDy00,Dylan Fairchild,G,64,1,0,0,7,0.26,CIN,15,962,0,0.991,0.000,t,f,2026-09-17 03:26:47.554+00
2026,1,2026_01_TB_CIN,CIN,TB,RiveJa00,Jalen Rivers,G,0,0,0,0,7,0.26,CIN,16,476,0,0.471,0.000,t,f,2026-09-17 03:26:47.554+00
2026,1,2026_01_TB_CIN,CIN,TB,BrowCh10,Chase Brown,HB,46,0.72,0,0,0,0,CIN,17,738,0,0.666,0.000,t,f,2026-09-17 03:26:47.554+00
2026,1,2026_01_TB_CIN,CIN,TB,PeriSa00,Samaje Perine,HB,18,0.28,0,0,10,0.37,CIN,15,346,0,0.351,0.000,t,f,2026-09-17 03:26:47.554+00
2026,1,2026_01_TB_CIN,CIN,TB,BrooTa00,Tahj Brooks,HB,2,0.03,0,0,6,0.22,CIN,16,47,0,0.045,0.000,t,f,2026-09-17 03:26:47.554+00
2026,1,2026_01_TB_CIN,CIN,TB,McPhEv00,Evan McPherson,K,0,0,0,0,15,0.56,CIN,17,0,0,0.000,0.000,t,f,2026-09-17 03:26:47.554+00
2026,1,2026_01_TB_CIN,CIN,TB,CartBa00,Barrett Carter,LB,0,0,57,1,5,0.19,CIN,17,0,792,0.000,0.748,t,f,2026-09-17 03:26:47.554+00
2026,1,2026_01_TB_CIN,CIN,TB,KnigDe00,Demetrius Knight,LB,0,0,51,0.89,0,0,CIN,17,0,798,0.000,0.730,t,f,2026-09-17 03:26:47.554+00
2026,1,2026_01_TB_CIN,CIN,TB,BurkOr00,Oren Burks,LB,0,0,3,0.05,20,0.74,CIN,17,0,340,0.000,0.316,t,f,2026-09-17 03:26:47.554+00
2026,1,2026_01_TB_CIN,CIN,TB,BozeSw00,Swayze Bozeman,LB,0,0,0,0,15,0.56,NYG,6,0,35,0.000,0.082,f,t,2026-09-17 03:26:47.554+00
2026,1,2026_01_TB_CIN,CIN,TB,GileJo01,Joe Giles-Harris,LB,0,0,0,0,13,0.48,CIN,10,0,32,0.000,0.055,t,f,2026-09-17 03:26:47.554+00
2026,1,2026_01_TB_CIN,CIN,TB,WagnWi00,William Wagner,LS,0,0,0,0,8,0.3,CIN,17,0,0,0.000,0.000,t,f,2026-09-17 03:26:47.554+00
2026,1,2026_01_TB_CIN,CIN,TB,RehkRy00,Ryan Rehkow,P,0,0,0,0,8,0.3,CIN,17,0,0,0.000,0.000,t,f,2026-09-17 03:26:47.554+00
2026,1,2026_01_TB_CIN,CIN,TB,BurrJo01,Joe Burrow,QB,64,1,0,0,0,0,CIN,8,478,0,0.878,0.000,t,f,2026-09-17 03:26:47.554+00
2026,1,2026_01_TB_CIN,CIN,TB,FlacJo00,Joe Flacco,QB,0,0,0,0,0,0,CIN|CLE,13,690,0,0.778,0.000,t,f,2026-09-17 03:26:47.554+00
2026,1,2026_01_TB_CIN,CIN,TB,CookBr02,Bryan Cook,S,0,0,57,1,0,0,KC,17,0,857,0.000,0.821,f,t,2026-09-17 03:26:47.554+00
2026,1,2026_01_TB_CIN,CIN,TB,BattJo00,Jordan Battle,S,0,0,56,0.98,13,0.48,CIN,17,0,1047,0.000,0.958,t,f,2026-09-17 03:26:47.554+00
2026,1,2026_01_TB_CIN,CIN,TB,JulePJ00,PJ Jules,S,0,0,0,0,20,0.74,CIN,14,0,8,0.000,0.009,t,f,2026-09-17 03:26:47.554+00
2026,1,2026_01_TB_CIN,CIN,TB,DuggKy00,Kyle Dugger,S,0,0,0,0,15,0.56,NE|PIT,17,0,775,0.000,0.719,f,t,2026-09-17 03:26:47.554+00
2026,1,2026_01_TB_CIN,CIN,TB,MimsAm00,Amarius Mims,T,64,1,0,0,7,0.26,CIN,17,1051,0,0.952,0.000,t,f,2026-09-17 03:26:47.554+00
2026,1,2026_01_TB_CIN,CIN,TB,BrowOr00,Orlando Brown Jr.,T,64,1,0,0,7,0.26,CIN,17,1111,0,1.000,0.000,t,f,2026-09-17 03:26:47.554+00
2026,1,2026_01_TB_CIN,CIN,TB,SampDr00,Drew Sample,TE,42,0.66,0,0,14,0.52,CIN,17,595,0,0.536,0.000,t,f,2026-09-17 03:26:47.554+00
2026,1,2026_01_TB_CIN,CIN,TB,GesiMi00,Mike Gesicki,TE,21,0.33,0,0,0,0,CIN,13,321,0,0.385,0.000,t,f,2026-09-17 03:26:47.554+00
2026,1,2026_01_TB_CIN,CIN,TB,AllxEr00,Erick All,TE,20,0.31,0,0,0,0,,0,0,0,,,f,f,2026-09-17 03:26:47.554+00
2026,1,2026_01_TB_CIN,CIN,TB,HudsTa00,Tanner Hudson,TE,6,0.09,0,0,13,0.48,CIN,15,148,0,0.147,0.000,t,f,2026-09-17 03:26:47.554+00
2026,1,2026_01_TB_CIN,CIN,TB,ChasJa00,Ja'Marr Chase,WR,60,0.94,0,0,0,0,CIN,16,987,0,0.944,0.000,t,f,2026-09-17 03:26:47.554+00
2026,1,2026_01_TB_CIN,CIN,TB,HiggTe00,Tee Higgins,WR,46,0.72,0,0,0,0,CIN,15,769,0,0.809,0.000,t,f,2026-09-17 03:26:47.554+00
2026,1,2026_01_TB_CIN,CIN,TB,IosiAn00,Andrei Iosivas,WR,39,0.61,0,0,0,0,CIN,17,851,0,0.762,0.000,t,f,2026-09-17 03:26:47.554+00
2026,1,2026_01_TB_CIN,CIN,TB,MeyeDo00,Dohnte Meyers,WR,10,0.16,0,0,6,0.22,,0,0,0,,,f,f,2026-09-17 03:26:47.554+00
2026,1,2026_01_TB_CIN,CIN,TB,YounCo01,Colbie Young,WR,9,0.14,0,0,7,0.26,,0,0,0,,,f,f,2026-09-17 03:26:47.554+00
2026,1,2026_01_TB_CIN,TB,CIN,BartGr00,Graham Barton,C,57,1,0,0,0,0,TB,17,1134,0,1.000,0.000,t,f,2026-09-17 03:26:47.554+00
2026,1,2026_01_TB_CIN,TB,CIN,McCoZy02,Zyon McCollum,CB,0,0,63,0.98,7,0.26,TB,13,0,766,0.000,0.947,t,f,2026-09-17 03:26:47.554+00
2026,1,2026_01_TB_CIN,TB,CIN,MorrBe00,Benjamin Morrison,CB,0,0,43,0.67,12,0.44,TB,10,0,359,0.000,0.625,t,f,2026-09-17 03:26:47.554+00
2026,1,2026_01_TB_CIN,TB,CIN,ParrJa01,Jacob Parrish,CB,0,0,20,0.31,2,0.07,TB,17,0,746,0.000,0.716,t,f,2026-09-17 03:26:47.554+00
2026,1,2026_01_TB_CIN,TB,CIN,KnowKe00,Kevin Knowles,CB,0,0,0,0,15,0.56,KC,13,0,82,0.000,0.095,f,t,2026-09-17 03:26:47.554+00
2026,1,2026_01_TB_CIN,TB,CIN,ScotKe01,Keionte Scott,DB,0,0,47,0.73,1,0.04,,0,0,0,,,f,f,2026-09-17 03:26:47.554+00
2026,1,2026_01_TB_CIN,TB,CIN,KancCa00,Calijah Kancey,DL,0,0,40,0.62,7,0.26,TB,3,0,97,0.000,0.523,t,f,2026-09-17 03:26:47.554+00
2026,1,2026_01_TB_CIN,TB,CIN,RobiAS00,A'Shawn Robinson,DL,0,0,32,0.5,7,0.26,CAR,18,0,701,0.000,0.617,f,t,2026-09-17 03:26:47.554+00
2026,1,2026_01_TB_CIN,TB,CIN,RobeEl01,Elijah Roberts,DL,0,0,16,0.25,0,0,TB,17,0,507,0.000,0.484,t,f,2026-09-17 03:26:47.554+00
2026,1,2026_01_TB_CIN,TB,CIN,NuneRa00,Rakeem Nunez-Roches,DL,0,0,16,0.25,0,0,NYG,9,0,241,0.000,0.407,f,t,2026-09-17 03:26:47.554+00
2026,1,2026_01_TB_CIN,TB,CIN,BredBe00,Ben Bredeson,G,57,1,0,0,5,0.19,TB,11,622,0,0.865,0.000,t,f,2026-09-17 03:26:47.554+00
2026,1,2026_01_TB_CIN,TB,CIN,MaucCo00,Cody Mauch,G,57,1,0,0,5,0.19,TB,2,138,0,1.000,0.000,t,f,2026-09-17 03:26:47.554+00
2026,1,2026_01_TB_CIN,TB,CIN,HaggLu00,Luke Haggard,G,0,0,0,0,5,0.19,TB,11,251,0,0.349,0.000,t,f,2026-09-17 03:26:47.554+00
2026,1,2026_01_TB_CIN,TB,CIN,McLaCh00,Chase McLaughlin,K,0,0,0,0,11,0.41,TB,17,0,0,0.000,0.000,t,f,2026-09-17 03:26:47.554+00
2026,1,2026_01_TB_CIN,TB,CIN,AnzaAl00,Alex Anzalone,LB,0,0,64,1,7,0.26,DET,16,0,1004,0.000,0.953,f,t,2026-09-17 03:26:47.554+00
2026,1,2026_01_TB_CIN,TB,CIN,TrotJo00,Josiah Trotter,LB,0,0,58,0.91,12,0.44,,0,0,0,,,f,f,2026-09-17 03:26:47.554+00
2026,1,2026_01_TB_CIN,TB,CIN,BainRu00,Rueben Bain,LB,0,0,41,0.64,0,0,,0,0,0,,,f,f,2026-09-17 03:26:47.554+00
2026,1,2026_01_TB_CIN,TB,CIN,DiabYa00,YaYa Diaby,LB,0,0,40,0.62,6,0.22,TB,17,0,783,0.000,0.752,t,f,2026-09-17 03:26:47.554+00
2026,1,2026_01_TB_CIN,TB,CIN,MuhaAl00,Al-Quadin Muhammad,LB,0,0,26,0.41,1,0.04,DET,17,0,457,0.000,0.408,f,t,2026-09-17 03:26:47.554+00
2026,1,2026_01_TB_CIN,TB,CIN,NelsAn01,Anthony Nelson,LB,0,0,23,0.36,15,0.56,TB,15,0,386,0.000,0.413,t,f,2026-09-17 03:26:47.554+00
2026,1,2026_01_TB_CIN,TB,CIN,WalkDa03,David Walker,LB,0,0,0,0,15,0.56,,0,0,0,,,f,f,2026-09-17 03:26:47.554+00
2026,1,2026_01_TB_CIN,TB,CIN,DennSi00,SirVocea Dennis,LB,0,0,5,0.08,15,0.56,TB,16,0,910,0.000,0.933,t,f,2026-09-17 03:26:47.554+00
2026,1,2026_01_TB_CIN,TB,CIN,DeckEv00,Evan Deckers,LS,0,0,0,0,5,0.19,TB,17,0,0,0.000,0.000,t,f,2026-09-17 03:26:47.554+00
2026,1,2026_01_TB_CIN,TB,CIN,VeaxVi00,Vita Vea,NT,0,0,44,0.69,7,0.26,TB,17,2,764,0.002,0.736,t,f,2026-09-17 03:26:47.554+00
2026,1,2026_01_TB_CIN,TB,CIN,DixoRi00,Riley Dixon,P,0,0,0,0,5,0.19,TB,17,0,0,0.000,0.000,t,f,2026-09-17 03:26:47.554+00
2026,1,2026_01_TB_CIN,TB,CIN,MayfBa00,Baker Mayfield,QB,57,1,0,0,0,0,TB,17,1099,0,0.971,0.000,t,f,2026-09-17 03:26:47.554+00
2026,1,2026_01_TB_CIN,TB,CIN,IrviBu00,Bucky Irving,RB,35,0.61,0,0,0,0,TB,10,421,0,0.616,0.000,t,f,2026-09-17 03:26:47.554+00
2026,1,2026_01_TB_CIN,TB,CIN,GainKe00,Kenneth Gainwell,RB,26,0.46,0,0,9,0.33,PIT,18,549,0,0.500,0.000,f,t,2026-09-17 03:26:47.554+00
2026,1,2026_01_TB_CIN,TB,CIN,WillJo011,Josh Williams,RB,0,0,0,0,5,0.19,TB,3,8,0,0.043,0.000,t,f,2026-09-17 03:26:47.554+00
2026,1,2026_01_TB_CIN,TB,CIN,WinfAn00,Antoine Winfield Jr.,S,0,0,62,0.97,7,0.26,TB,17,0,1038,0.000,0.995,t,f,2026-09-17 03:26:47.554+00
2026,1,2026_01_TB_CIN,TB,CIN,SmitTy05,Tykee Smith,S,0,0,62,0.97,7,0.26,TB,16,0,893,0.000,0.914,t,f,2026-09-17 03:26:47.554+00
2026,1,2026_01_TB_CIN,TB,CIN,MeliIf00,Ifeatu Melifonwu,S,0,0,0,0,15,0.56,MIA,16,0,547,0.000,0.541,f,t,2026-09-17 03:26:47.554+00
2026,1,2026_01_TB_CIN,TB,CIN,KillMi00,Miles Killebrew,S,0,0,2,0.03,15,0.56,PIT,5,0,0,0.000,0.000,f,t,2026-09-17 03:26:47.554+00
2026,1,2026_01_TB_CIN,TB,CIN,GoedLu00,Luke Goedeke,T,57,1,0,0,5,0.19,TB,11,675,0,0.915,0.000,t,f,2026-09-17 03:26:47.554+00
2026,1,2026_01_TB_CIN,TB,CIN,WirfTr00,Tristan Wirfs,T,57,1,0,0,5,0.19,TB,12,777,0,0.993,0.000,t,f,2026-09-17 03:26:47.554+00
2026,1,2026_01_TB_CIN,TB,CIN,ChukBe00,Benjamin Chukwuma,T,0,0,0,0,5,0.19,TB,17,151,0,0.126,0.000,t,f,2026-09-17 03:26:47.554+00
2026,1,2026_01_TB_CIN,TB,CIN,OttoCa00,Cade Otton,TE,56,0.98,0,0,0,0,TB,16,993,0,0.935,0.000,t,f,2026-09-17 03:26:47.554+00
2026,1,2026_01_TB_CIN,TB,CIN,SharBa00,Bauer Sharp,TE,1,0.02,0,0,15,0.56,,0,0,0,,,f,f,2026-09-17 03:26:47.554+00
2026,1,2026_01_TB_CIN,TB,CIN,KiefKo00,Ko Kieft,TE,1,0.02,0,0,15,0.56,TB,3,29,0,0.140,0.000,t,f,2026-09-17 03:26:47.554+00
2026,1,2026_01_TB_CIN,TB,CIN,DurhPa00,Payne Durham,TE,7,0.12,0,0,14,0.52,TB,17,354,0,0.318,0.000,t,f,2026-09-17 03:26:47.554+00
2026,1,2026_01_TB_CIN,TB,CIN,GodwCh00,Chris Godwin,WR,49,0.86,0,0,0,0,TB,9,428,0,0.709,0.000,t,f,2026-09-17 03:26:47.554+00
2026,1,2026_01_TB_CIN,TB,CIN,EgbuEm01,Emeka Egbuka,WR,49,0.86,0,0,0,0,TB,17,886,0,0.776,0.000,t,f,2026-09-17 03:26:47.554+00
2026,1,2026_01_TB_CIN,TB,CIN,HursTe00,Ted Hurst,WR,43,0.75,0,0,0,0,,0,0,0,,,f,f,2026-09-17 03:26:47.554+00
2026,1,2026_01_TB_CIN,TB,CIN,JohnKa01,Kameron Johnson,WR,5,0.09,0,0,14,0.52,TB,17,105,0,0.097,0.000,t,f,2026-09-17 03:26:47.554+00
2026,1,2026_01_TB_CIN,TB,CIN,JohnTe03,Tez Johnson,WR,13,0.23,0,0,1,0.04,TB,16,495,0,0.471,0.000,t,f,2026-09-17 03:26:47.554+00
2026,1,2026_01_WAS_PHI,PHI,WAS,JurgCa01,Cam Jurgens,C,55,1,0,0,0,0,PHI,15,874,0,0.923,0.000,t,f,2026-09-17 03:26:47.554+00
2026,1,2026_01_WAS_PHI,PHI,WAS,KendDr00,Drew Kendall,C,0,0,0,0,4,0.13,PHI,8,89,0,0.173,0.000,t,f,2026-09-17 03:26:47.554+00
2026,1,2026_01_WAS_PHI,PHI,WAS,LampWi00,Willie Lampkin,C,0,0,0,0,4,0.13,,0,0,0,,,f,f,2026-09-17 03:26:47.554+00
2026,1,2026_01_WAS_PHI,PHI,WAS,MitcQu00,Quinyon Mitchell,CB,0,0,70,1,0,0,PHI,17,0,1045,0.000,0.935,t,f,2026-09-17 03:26:47.554+00
2026,1,2026_01_WAS_PHI,PHI,WAS,RingKe00,Kelee Ringo,CB,0,0,0,0,26,0.84,PHI,18,0,312,0.000,0.259,t,f,2026-09-17 03:26:47.554+00
2026,1,2026_01_WAS_PHI,PHI,WAS,McWiMa01,Mac McWilliams,CB,0,0,0,0,9,0.29,PHI,6,0,28,0.000,0.072,t,f,2026-09-17 03:26:47.554+00
2026,1,2026_01_WAS_PHI,PHI,WAS,JoneJo03,Jonathan Jones,CB,0,0,0,0,4,0.13,WAS,12,0,484,0.000,0.595,f,t,2026-09-17 03:26:47.554+00
2026,1,2026_01_WAS_PHI,PHI,WAS,DeJeCo00,Cooper DeJean,DB,2,0.04,70,1,3,0.1,PHI,17,9,1096,0.008,0.978,t,f,2026-09-17 03:26:47.554+00
2026,1,2026_01_WAS_PHI,PHI,WAS,CartMi02,Michael Carter II,DB,0,0,6,0.09,19,0.61,NYJ|PHI,14,0,254,0.000,0.274,t,f,2026-09-17 03:26:47.554+00
2026,1,2026_01_WAS_PHI,PHI,WAS,CartJa05,Jalen Carter,DT,0,0,66,0.94,6,0.19,PHI,12,0,697,0.000,0.860,t,f,2026-09-17 03:26:47.554+00
2026,1,2026_01_WAS_PHI,PHI,WAS,OjomMo00,Moro Ojomo,DT,0,0,48,0.69,6,0.19,PHI,18,0,778,0.000,0.660,t,f,2026-09-17 03:26:47.554+00
2026,1,2026_01_WAS_PHI,PHI,WAS,DaviJo03,Jordan Davis,DT,0,0,34,0.49,9,0.29,PHI,18,0,715,0.000,0.602,t,f,2026-09-17 03:26:47.554+00
2026,1,2026_01_WAS_PHI,PHI,WAS,RobiTy02,Ty Robinson,DT,0,0,0,0,8,0.26,PHI,11,0,104,0.000,0.145,t,f,2026-09-17 03:26:47.554+00
2026,1,2026_01_WAS_PHI,PHI,WAS,YounBy00,Byron Young,DT,0,0,6,0.09,4,0.13,PHI,18,0,350,0.000,0.293,t,f,2026-09-17 03:26:47.554+00
2026,1,2026_01_WAS_PHI,PHI,WAS,DickLa00,Landon Dickerson,G,55,1,0,0,4,0.13,PHI,16,909,0,0.905,0.000,t,f,2026-09-17 03:26:47.554+00
2026,1,2026_01_WAS_PHI,PHI,WAS,SteeTy00,Tyler Steen,G,55,1,0,0,4,0.13,PHI,18,1081,0,0.960,0.000,t,f,2026-09-17 03:26:47.554+00
2026,1,2026_01_WAS_PHI,PHI,WAS,ElliJa03,Jake Elliott,K,0,0,0,0,9,0.29,PHI,18,0,0,0.000,0.000,t,f,2026-09-17 03:26:47.554+00
2026,1,2026_01_WAS_PHI,PHI,WAS,BaunZa00,Zack Baun,LB,0,0,70,1,3,0.1,PHI,17,0,1097,0.000,0.979,t,f,2026-09-17 03:26:47.554+00
2026,1,2026_01_WAS_PHI,PHI,WAS,CampJi00,Jihaad Campbell,LB,0,0,67,0.96,9,0.29,PHI,18,0,711,0.000,0.595,t,f,2026-09-17 03:26:47.554+00
2026,1,2026_01_WAS_PHI,PHI,WAS,HuntJa02,Jalyx Hunt,LB,0,0,53,0.76,6,0.19,PHI,18,0,721,0.000,0.607,t,f,2026-09-17 03:26:47.554+00
2026,1,2026_01_WAS_PHI,PHI,WAS,SmitNo02,Nolan Smith,LB,0,0,47,0.67,2,0.06,PHI,13,0,480,0.000,0.573,t,f,2026-09-17 03:26:47.554+00
2026,1,2026_01_WAS_PHI,PHI,WAS,EbikAr00,Arnold Ebiketie,LB,0,0,28,0.4,9,0.29,ATL,17,0,384,0.000,0.348,f,t,2026-09-17 03:26:47.554+00
2026,1,2026_01_WAS_PHI,PHI,WAS,TrotJe01,Jeremiah Trotter Jr.,LB,0,0,0,0,24,0.77,PHI,18,0,88,0.000,0.074,t,f,2026-09-17 03:26:47.554+00
2026,1,2026_01_WAS_PHI,PHI,WAS,MondSm01,Smael Mondon,LB,0,0,0,0,20,0.65,PHI,18,0,14,0.000,0.015,t,f,2026-09-17 03:26:47.554+00
2026,1,2026_01_WAS_PHI,PHI,WAS,EpenAJ00,A.J. Epenesa,LB,0,0,12,0.17,6,0.19,BUF,18,0,489,0.000,0.466,f,t,2026-09-17 03:26:47.554+00
2026,1,2026_01_WAS_PHI,PHI,WAS,UndeRo00,Rocco Underwood,LS,0,0,0,0,11,0.35,,0,0,0,,,f,f,2026-09-17 03:26:47.554+00
2026,1,2026_01_WAS_PHI,PHI,WAS,MannBr01,Braden Mann,P,0,0,0,0,11,0.35,PHI,18,0,0,0.000,0.000,t,f,2026-09-17 03:26:47.554+00
2026,1,2026_01_WAS_PHI,PHI,WAS,HurtJa00,Jalen Hurts,QB,55,1,0,0,0,0,PHI,17,1038,0,0.978,0.000,t,f,2026-09-17 03:26:47.554+00
2026,1,2026_01_WAS_PHI,PHI,WAS,BarkSa00,Saquon Barkley,RB,39,0.71,0,0,0,0,PHI,17,835,0,0.787,0.000,t,f,2026-09-17 03:26:47.554+00
2026,1,2026_01_WAS_PHI,PHI,WAS,ShipWi00,Will Shipley,RB,10,0.18,0,0,21,0.68,PHI,16,119,0,0.119,0.000,t,f,2026-09-17 03:26:47.554+00
2026,1,2026_01_WAS_PHI,PHI,WAS,BigsTa00,Tank Bigsby,RB,6,0.11,0,0,11,0.35,JAX|PHI,18,147,0,0.126,0.000,t,f,2026-09-17 03:26:47.554+00
2026,1,2026_01_WAS_PHI,PHI,WAS,MukuAn00,Andrew Mukuba,S,0,0,70,1,0,0,PHI,11,0,672,0.000,0.925,t,f,2026-09-17 03:26:47.554+00
2026,1,2026_01_WAS_PHI,PHI,WAS,EppsMa00,Marcus Epps,S,0,0,53,0.76,5,0.16,PHI,13,0,308,0.000,0.385,t,f,2026-09-17 03:26:47.554+00
2026,1,2026_01_WAS_PHI,PHI,WAS,MailJo00,Jordan Mailata,T,55,1,0,0,4,0.13,PHI,17,1046,0,0.985,0.000,t,f,2026-09-17 03:26:47.554+00
2026,1,2026_01_WAS_PHI,PHI,WAS,JohnLa01,Lane Johnson,T,55,1,0,0,0,0,PHI,10,450,0,0.761,0.000,t,f,2026-09-17 03:26:47.554+00
2026,1,2026_01_WAS_PHI,PHI,WAS,JohnFr01,Fred Johnson,T,0,0,0,0,4,0.13,PHI,18,698,0,0.600,0.000,t,f,2026-09-17 03:26:47.554+00
2026,1,2026_01_WAS_PHI,PHI,WAS,BellMa02,Markel Bell,T,0,0,0,0,4,0.13,,0,0,0,,,f,f,2026-09-17 03:26:47.554+00
2026,1,2026_01_WAS_PHI,PHI,WAS,GoedDa00,Dallas Goedert,TE,52,0.95,0,0,1,0.03,PHI,16,854,0,0.851,0.000,t,f,2026-09-17 03:26:47.554+00
2026,1,2026_01_WAS_PHI,PHI,WAS,JenkEJ00,E.J. Jenkins,TE,1,0.02,0,0,25,0.81,PHI,2,11,0,0.095,0.000,t,f,2026-09-17 03:26:47.554+00
2026,1,2026_01_WAS_PHI,PHI,WAS,MundJo00,Johnny Mundt,TE,20,0.36,0,0,12,0.39,JAX,17,402,0,0.351,0.000,f,t,2026-09-17 03:26:47.554+00
2026,1,2026_01_WAS_PHI,PHI,WAS,SmitDe07,DeVonta Smith,WR,52,0.95,0,0,1,0.03,PHI,18,955,0,0.848,0.000,t,f,2026-09-17 03:26:47.554+00
2026,1,2026_01_WAS_PHI,PHI,WAS,WickDo00,Dontayvion Wicks,WR,50,0.91,0,0,0,0,GB,14,408,0,0.446,0.000,f,t,2026-09-17 03:26:47.554+00
2026,1,2026_01_WAS_PHI,PHI,WAS,LemoMa00,Makai Lemon,WR,35,0.64,0,0,0,0,,0,0,0,,,f,f,2026-09-17 03:26:47.554+00
2026,1,2026_01_WAS_PHI,PHI,WAS,CoopDa01,Darius Cooper,WR,8,0.15,0,0,21,0.68,PHI,14,233,0,0.261,0.000,t,f,2026-09-17 03:26:47.554+00
2026,1,2026_01_WAS_PHI,PHI,WAS,CoveBr00,Britain Covey,WR,0,0,0,0,6,0.19,PHI,7,40,0,0.089,0.000,t,f,2026-09-17 03:26:47.554+00
2026,1,2026_01_WAS_PHI,WAS,PHI,AlleNi00,Nick Allegretti,C,70,1,0,0,4,0.13,WAS,16,260,0,0.259,0.000,t,f,2026-09-17 03:26:47.554+00
2026,1,2026_01_WAS_PHI,WAS,PHI,RobeAm00,Amik Robertson,CB,0,0,55,1,0,0,DET,17,0,843,0.000,0.752,f,t,2026-09-17 03:26:47.554+00
2026,1,2026_01_WAS_PHI,WAS,PHI,SainMi00,Mike Sainristil,CB,0,0,54,0.98,4,0.13,WAS,17,0,1024,0.000,0.894,t,f,2026-09-17 03:26:47.554+00
2026,1,2026_01_WAS_PHI,WAS,PHI,DougRa00,Rasul Douglas,CB,0,0,17,0.31,2,0.06,MIA,15,0,850,0.000,0.906,f,t,2026-09-17 03:26:47.554+00
2026,1,2026_01_WAS_PHI,WAS,PHI,MoreFa00,Fabian Moreau,CB,0,0,0,0,12,0.39,MIN,11,0,198,0.000,0.281,f,t,2026-09-17 03:26:47.554+00
2026,1,2026_01_WAS_PHI,WAS,PHI,OmenCh00,Charles Omenihu,DE,0,0,29,0.53,4,0.13,KC,17,0,565,0.000,0.547,f,t,2026-09-17 03:26:47.554+00
2026,1,2026_01_WAS_PHI,WAS,PHI,PaynDa00,Daron Payne,DT,0,0,34,0.62,4,0.13,WAS,15,0,607,0.000,0.616,t,f,2026-09-17 03:26:47.554+00
2026,1,2026_01_WAS_PHI,WAS,PHI,KinlJa00,Javon Kinlaw,DT,0,0,32,0.58,5,0.16,WAS,17,0,724,0.000,0.637,t,f,2026-09-17 03:26:47.554+00
2026,1,2026_01_WAS_PHI,WAS,PHI,SettTi00,Tim Settle,DT,0,0,19,0.35,2,0.06,HOU,12,0,383,0.000,0.526,f,t,2026-09-17 03:26:47.554+00
2026,1,2026_01_WAS_PHI,WAS,PHI,TuttSh00,Shy Tuttle,DT,0,0,16,0.29,1,0.03,TEN|WAS,12,0,177,0.000,0.228,t,f,2026-09-17 03:26:47.554+00
2026,1,2026_01_WAS_PHI,WAS,PHI,PaulCh00,Chris Paul,G,70,1,0,0,4,0.13,WAS,17,926,0,0.892,0.000,t,f,2026-09-17 03:26:47.554+00
2026,1,2026_01_WAS_PHI,WAS,PHI,CosmSa00,Samuel Cosmi,G,70,1,0,0,4,0.13,WAS,9,545,0,0.968,0.000,t,f,2026-09-17 03:26:47.554+00
2026,1,2026_01_WAS_PHI,WAS,PHI,StevDr00,Drew Stevens,K,0,0,0,0,9,0.29,,0,0,0,,,f,f,2026-09-17 03:26:47.554+00
2026,1,2026_01_WAS_PHI,WAS,PHI,StylSo01,Sonny Styles,LB,0,0,48,0.87,9,0.29,,0,0,0,,,f,f,2026-09-17 03:26:47.554+00
2026,1,2026_01_WAS_PHI,WAS,PHI,OwehJa00,Odafe Oweh,LB,0,0,46,0.84,0,0,BAL|LAC,18,0,535,0.000,0.474,f,t,2026-09-17 03:26:47.554+00
2026,1,2026_01_WAS_PHI,WAS,PHI,ChaiKL00,K'Lavon Chaisson,LB,0,0,42,0.76,4,0.13,NE,20,0,833,0.000,0.686,f,t,2026-09-17 03:26:47.554+00
2026,1,2026_01_WAS_PHI,WAS,PHI,LuvuFr00,Frankie Luvu,LB,0,0,29,0.53,2,0.06,WAS,17,0,1107,0.000,0.973,t,f,2026-09-17 03:26:47.554+00
2026,1,2026_01_WAS_PHI,WAS,PHI,MedrKa00,Kain Medrano,LB,0,0,0,0,24,0.77,WAS,9,0,0,0.000,0.000,t,f,2026-09-17 03:26:47.554+00
2026,1,2026_01_WAS_PHI,WAS,PHI,ChenLe00,Leo Chenal,LB,0,0,23,0.42,22,0.71,KC,14,0,440,0.000,0.530,f,t,2026-09-17 03:26:47.554+00
2026,1,2026_01_WAS_PHI,WAS,PHI,MageJo00,Jordan Magee,LB,0,0,9,0.16,22,0.71,WAS,17,0,364,0.000,0.319,t,f,2026-09-17 03:26:47.554+00
2026,1,2026_01_WAS_PHI,WAS,PHI,JoseJo00,Joshua Josephs,LB,0,0,13,0.24,3,0.1,,0,0,0,,,f,f,2026-09-17 03:26:47.554+00
2026,1,2026_01_WAS_PHI,WAS,PHI,JeanJa00,Javontae Jean-Baptiste,LB,0,0,9,0.16,5,0.16,WAS,3,0,60,0.000,0.300,t,f,2026-09-17 03:26:47.554+00
2026,1,2026_01_WAS_PHI,WAS,PHI,OttxTy00,Tyler Ott,LS,0,0,0,0,10,0.32,WAS,16,0,0,0.000,0.000,t,f,2026-09-17 03:26:47.554+00
2026,1,2026_01_WAS_PHI,WAS,PHI,WayxTr00,Tress Way,P,0,0,0,0,10,0.32,WAS,17,0,0,0.000,0.000,t,f,2026-09-17 03:26:47.554+00
2026,1,2026_01_WAS_PHI,WAS,PHI,DaniJa02,Jayden Daniels,QB,70,1,0,0,0,0,WAS,7,405,0,0.903,0.000,t,f,2026-09-17 03:26:47.554+00
2026,1,2026_01_WAS_PHI,WAS,PHI,CrosJa00,Jacory Croskey-Merritt,RB,34,0.49,0,0,0,0,WAS,17,406,0,0.395,0.000,t,f,2026-09-17 03:26:47.554+00
2026,1,2026_01_WAS_PHI,WAS,PHI,WhitRa01,Rachaad White,RB,29,0.41,0,0,5,0.16,TB,17,574,0,0.511,0.000,f,t,2026-09-17 03:26:47.554+00
2026,1,2026_01_WAS_PHI,WAS,PHI,AlleKa01,Kaytron Allen,RB,7,0.1,0,0,6,0.19,,0,0,0,,,f,f,2026-09-17 03:26:47.554+00
2026,1,2026_01_WAS_PHI,WAS,PHI,ReavJe00,Jeremy Reaves,S,0,0,55,1,15,0.48,WAS,17,0,708,0.000,0.627,t,f,2026-09-17 03:26:47.554+00
2026,1,2026_01_WAS_PHI,WAS,PHI,CrosNi00,Nick Cross,S,0,0,54,0.98,0,0,IND,17,0,1111,0.000,0.953,f,t,2026-09-17 03:26:47.554+00
2026,1,2026_01_WAS_PHI,WAS,PHI,ButlPe00,Percy Butler,S,0,0,0,0,23,0.74,WAS,16,0,20,0.000,0.020,t,f,2026-09-17 03:26:47.554+00
2026,1,2026_01_WAS_PHI,WAS,PHI,MartJa04,Quan Martin,S,0,0,21,0.38,22,0.71,WAS,17,0,927,0.000,0.819,t,f,2026-09-17 03:26:47.554+00
2026,1,2026_01_WAS_PHI,WAS,PHI,OwenTy00,Tyler Owens,S,0,0,0,0,22,0.71,WAS,17,0,66,0.000,0.059,t,f,2026-09-17 03:26:47.554+00
2026,1,2026_01_WAS_PHI,WAS,PHI,ColeBr02,Brandon Coleman,T,70,1,0,0,4,0.13,WAS,12,390,0,0.538,0.000,t,f,2026-09-17 03:26:47.554+00
2026,1,2026_01_WAS_PHI,WAS,PHI,ConeJo00,Josh Conerly,T,70,1,0,0,4,0.13,WAS,17,1054,0,1.000,0.000,t,f,2026-09-17 03:26:47.554+00
2026,1,2026_01_WAS_PHI,WAS,PHI,WyliAn00,Andrew Wylie,T,1,0.01,0,0,4,0.13,WAS,16,362,0,0.379,0.000,t,f,2026-09-17 03:26:47.554+00
2026,1,2026_01_WAS_PHI,WAS,PHI,OkonCh00,Chig Okonkwo,TE,39,0.56,0,0,0,0,TEN,17,666,0,0.637,0.000,f,t,2026-09-17 03:26:47.554+00
2026,1,2026_01_WAS_PHI,WAS,PHI,BateJo00,John Bates,TE,34,0.49,0,0,15,0.48,WAS,15,479,0,0.514,0.000,t,f,2026-09-17 03:26:47.554+00
2026,1,2026_01_WAS_PHI,WAS,PHI,YankCo00,Colson Yankoff,TE,2,0.03,0,0,27,0.87,WAS,14,108,0,0.126,0.000,t,f,2026-09-17 03:26:47.554+00
2026,1,2026_01_WAS_PHI,WAS,PHI,SinnBe00,Ben Sinnott,TE,18,0.26,0,0,16,0.52,WAS,16,341,0,0.361,0.000,t,f,2026-09-17 03:26:47.554+00
2026,1,2026_01_WAS_PHI,WAS,PHI,McLaTe00,Terry McLaurin,WR,61,0.87,0,0,0,0,WAS,10,433,0,0.704,0.000,t,f,2026-09-17 03:26:47.554+00
2026,1,2026_01_WAS_PHI,WAS,PHI,DiggSt00,Stefon Diggs,WR,44,0.63,0,0,0,0,NE,21,738,8,0.543,0.006,f,t,2026-09-17 03:26:47.554+00
2026,1,2026_01_WAS_PHI,WAS,PHI,BrowDy00,Dyami Brown,WR,37,0.53,0,0,0,0,JAX,14,356,0,0.366,0.000,f,t,2026-09-17 03:26:47.554+00
2026,1,2026_01_WAS_PHI,WAS,PHI,WillAn04,Antonio Williams,WR,26,0.37,0,0,0,0,,0,0,0,,,f,f,2026-09-17 03:26:47.554+00
2026,1,2026_01_WAS_PHI,WAS,PHI,LaneJa00,Jaylin Lane,WR,18,0.26,0,0,12,0.39,WAS,15,348,0,0.362,0.000,t,f,2026-09-17 03:26:47.554+00

